Question,Answer
–ß—Ç–æ —Ç–∞–∫–æ–µ –∂—É—Ä–Ω–∞–ª –ü–°–ñ–†,"–ü–°–ñ–†¬†‚Äî —ç—Ç–æ –∂—É—Ä–Ω–∞–ª –ê–≤–∏–∞—Å–µ–π–ª—Å –æ¬†–ø—É—Ç–µ—à–µ—Å—Ç–≤–∏—è—Ö. –ó–¥–µ—Å—å –µ—Å—Ç—å –ø—É—Ç–µ–≤–æ–¥–∏—Ç–µ–ª–∏, –ø–æ–ª–µ–∑–Ω—ã–µ –∏–Ω—Å—Ç—Ä—É–∫—Ü–∏–∏, –ª–∞–π—Ñ—Ö–∞–∫–∏ –∏¬†–ø–æ–¥–±–æ—Ä–∫–∏ –ª—É—á—à–∏—Ö –º–µ—Å—Ç¬†‚Äî –≤¬†–æ–±—â–µ–º, –≤—Å—ë, —á—Ç–æ–±—ã –ø—É—Ç–µ—à–µ—Å—Ç–≤–æ–≤–∞—Ç—å –≤–µ—Å–µ–ª–æ –∏¬†—Å —É–º–æ–º. 
–ú—ã –∑–Ω–∞–µ–º, –∫–∞–∫ —Å—ä–µ–∑–¥–∏—Ç—å –≤¬†–°–∏–Ω–≥–∞–ø—É—Ä –±–µ—Å–ø–ª–∞—Ç–Ω–æ, –∫—É–¥–∞ –ª–µ—Ç–µ—Ç—å –∑–∞¬†—Å–µ–≤–µ—Ä–Ω—ã–º —Å–∏—è–Ω–∏–µ–º, –≥–¥–µ —Ä–æ–¥–∏—Ç—å, —á—Ç–æ–±—ã —É¬†—Ä–µ–±—ë–Ω–∫–∞ –±—ã–ª –≤—Ç–æ—Ä–æ–π –ø–∞—Å–ø–æ—Ä—Ç, –∏¬†–º–∏–ª–ª–∏–æ–Ω –¥—Ä—É–≥–∏—Ö –ø–æ–ª–µ–∑–Ω—ã—Ö –≤–µ—â–µ–π."
–ö–∞–∫ –Ω–∞–ø–∏—Å–∞—Ç—å —Å—Ç–∞—Ç—å—é –¥–ª—è –ü–°–ñ–†,"–û–ø—É–±–ª–∏–∫–æ–≤–∞—Ç—å—Å—è –≤ –ü–°–ñ–† –º–æ–∂–µ—Ç –∫–∞–∂–¥—ã–π ‚Äî –¥–∞–∂–µ –µ—Å–ª–∏ –≤–∞—à–µ —Å–∞–º–æ–µ –¥–∞–ª—å–Ω–µ–µ –ø—É—Ç–µ—à–µ—Å—Ç–≤–∏–µ –±—ã–ª–æ –≤ –ª–µ—Å –∑–∞ –≥—Ä–∏–±–∞–º–∏. –£ –≤–∞—Å –µ—Å—Ç—å –∏–Ω—Ç–µ—Ä–µ—Å–Ω—ã–µ –∏—Å—Ç–æ—Ä–∏–∏ –∏ –≤—ã —É–º–µ–µ—Ç–µ —Ä–∞—Å—Å–∫–∞–∑—ã–≤–∞—Ç—å –∏—Ö —É–≤–ª–µ–∫–∞—Ç–µ–ª—å–Ω–æ –∏ –∑–∞–¥–æ—Ä–Ω–æ? –û—Ç–ø—Ä–∞–≤–ª—è–π—Ç–µ –ø—Ä–∏–º–µ—Ä—ã –≤–∞—à–∏—Ö —Ç–µ–∫—Å—Ç–æ–≤ –∏ –∏–¥–µ–∏ –¥–ª—è —Å—Ç–∞—Ç–µ–π –Ω–∞ –ø–æ—á—Ç—É psgr@aviasales.ru. –ï—Å–ª–∏ –Ω–∞–º –ø–æ–Ω—Ä–∞–≤–∏—Ç—Å—è, –æ—Ç–≤–µ—Ç–∏–º –∏ —Ä–∞—Å—Å–∫–∞–∂–µ–º, —á—Ç–æ –¥–µ–ª–∞—Ç—å –¥–∞–ª—å—à–µ."
–ß—Ç–æ —Ç–∞–∫–æ–µ –ê–≤–∏–∞—Å–µ–π–ª—Å –¥–ª—è –±–∏–∑–Ω–µ—Å–∞,"–≠—Ç–æ –±–µ—Å–ø–ª–∞—Ç–Ω—ã–π —Å–µ—Ä–≤–∏—Å –¥–ª—è –æ—Ä–≥–∞–Ω–∏–∑–∞—Ü–∏–∏ –∫–æ–º–∞–Ω–¥–∏—Ä–æ–≤–æ–∫. –û–Ω —Ä–∞–±–æ—Ç–∞–µ—Ç –∫–∞–∫ –æ–±—ã—á–Ω—ã–π –ê–≤–∏–∞—Å–µ–π–ª—Å, –Ω–æ –∑–∞—Ç–æ—á–µ–Ω –∏–º–µ–Ω–Ω–æ –Ω–∞ –∫–æ–º–ø–∞–Ω–∏–∏. –í–∫–ª—é—á–∞–µ—Ç –≤—Å–µ —É—Å–ª—É–≥–∏ –¥–ª—è —Ä–∞–±–æ—á–∏—Ö –ø–æ–µ–∑–¥–æ–∫: –±–∏–ª–µ—Ç—ã, –æ—Ç–µ–ª–∏, –≤–∏–∑—ã, —Ç—Ä–∞–Ω—Å—Ñ–µ—Ä—ã, —Å—Ç—Ä–∞—Ö–æ–≤–∫–∏, –æ–ø–ª–∞—Ç—É —É—Å–ª—É–≥ –∏ –∑–∞–∫—Ä—ã–≤–∞—é—â–∏–µ –¥–æ–∫—É–º–µ–Ω—Ç—ã."
–ö–∞–∫ –Ω–∞—á–∞—Ç—å –ø–æ–ª—å–∑–æ–≤–∞—Ç—å—Å—è –ê–≤–∏–∞—Å–µ–π–ª—Å –¥–ª—è –±–∏–∑–Ω–µ—Å–∞,"–í —Å–µ—Ä–≤–∏—Å–µ –Ω–µ—Ç –∞–±–æ–Ω–µ–Ω—Ç—Å–∫–æ–π –ø–ª–∞—Ç—ã, –º–∏–Ω–∏–º–∞–ª—å–Ω—ã—Ö –ø–ª–∞—Ç–µ–∂–µ–π –∏ –Ω–∞—Ü–µ–Ω–æ–∫. –ó–∞—Ä–µ–≥–∏—Å—Ç—Ä–∏—Ä–æ–≤–∞—Ç—å—Å—è –º–æ–∂–Ω–æ –≤ –ø–∞—Ä—É –∫–ª–∏–∫–æ–≤. –î–ª—è —ç—Ç–æ–≥–æ —Å–æ—Ç—Ä—É–¥–Ω–∏–∫—É –Ω—É–∂–Ω–æ –≤–≤–µ—Å—Ç–∏ –ø–æ—á—Ç—É, –ò–ù–ù –∏–ª–∏ –Ω–∞–∑–≤–∞–Ω–∏–µ —é—Ä–∏–¥–∏—á–µ—Å–∫–æ–≥–æ –ª–∏—Ü–∞ –∫–æ–º–ø–∞–Ω–∏–∏, –∞ —Ç–∞–∫–∂–µ —Ñ–∞–º–∏–ª–∏—é, –∏–º—è –∏ —Ç–µ–ª–µ—Ñ–æ–Ω. –ü–æ—Å–ª–µ —Ä–µ–≥–∏—Å—Ç—Ä–∞—Ü–∏–∏ –æ—Ç–∫—Ä—ã–≤–∞–µ—Ç—Å—è –¥–æ—Å—Ç—É–ø –≤ –ª–∏—á–Ω—ã–π –∫–∞–±–∏–Ω–µ—Ç."
"–ß—Ç–æ –¥–µ–ª–∞—Ç—å, –µ—Å–ª–∏ —Å¬†–±—Ä–æ–Ω—å—é –ø—Ä–æ–±–ª–µ–º–∞","–ï—Å–ª–∏ —á—Ç–æ‚Äë—Ç–æ –ø–æ—à–ª–æ –Ω–µ¬†—Ç–∞–∫ —Å¬†–±—Ä–æ–Ω–∏—Ä–æ–≤–∞–Ω–∏–µ–º, —Å–≤—è–∂–∏—Ç–µ—Å—å –∫–∞–∫ –º–æ–∂–Ω–æ —Å–∫–æ—Ä–µ–µ —Å¬†–ø–æ–¥–¥–µ—Ä–∂–∫–æ–π Ostrovok.ru –ø–æ¬†—Ç–µ–ª–µ—Ñ–æ–Ω—É (+7-800-775-65-25), —ç–ª–µ–∫—Ç—Ä–æ–Ω–Ω–æ–π –ø–æ—á—Ç–µ (hi@ostrovok.ru),¬†–≤ –¢–µ–ª–µ–≥—Ä–∞–º–µ –∏–ª–∏¬†—á–µ—Ä–µ–∑ —Ñ–æ—Ä–º—É –æ–±—Ä–∞—Ç–Ω–æ–π —Å–≤—è–∑–∏.
–ï—Å–ª–∏ —É¬†–≤–∞—Å –æ—Å—Ç–∞–Ω—É—Ç—Å—è –≤–æ–ø—Ä–æ—Å—ã, –≤—ã¬†–≤—Å–µ–≥–¥–∞ –º–æ–∂–µ—Ç–µ —Å–≤—è–∑–∞—Ç—å—Å—è —Å –ø–æ–¥–¥–µ—Ä–∂–∫–æ–π –ê–≤–∏–∞—Å–µ–π–ªc, –Ω–æ¬†—Ç–∞–∫ –±—É–¥–µ—Ç —á—É‚Äë—É-—É—Ç—å –¥–æ–ª—å—à–µ, —á–µ–º –Ω–∞–ø—Ä—è–º—É—é —á–µ—Ä–µ–∑ Ostrovok.ru."
–ö–∞–∫ –∑–∞–ø—Ä–æ—Å–∏—Ç—å —Ä–∞–Ω–Ω–∏–π –∑–∞–µ–∑–¥ –∏–ª–∏ –ø–æ–∑–¥–Ω–∏–π –≤—ã–µ–∑–¥,"–í—ã –º–æ–∂–µ—Ç–µ –æ—Å—Ç–∞–≤–∏—Ç—å –ø–æ–∂–µ–ª–∞–Ω–∏–µ –æ¬†—Ä–∞–Ω–Ω–µ–º –∑–∞—Å–µ–ª–µ–Ω–∏–∏ —Å—Ä–∞–∑—É –ø–æ—Å–ª–µ –ø–µ—Ä–µ—Ö–æ–¥–∞ –Ω–∞¬†—Å–∞–π—Ç Ostrovok.ru¬†‚Äî –±–ª–æ–∫ —Å¬†–≤—ã–±–æ—Ä–æ–º –≤—Ä–µ–º–µ–Ω–∏ –µ—Å—Ç—å –ø—Ä—è–º–æ –Ω–∞¬†—Å—Ç—Ä–∞–Ω–∏—Ü–µ –±—Ä–æ–Ω–∏—Ä–æ–≤–∞–Ω–∏—è. –ü—Ä–∞–≤–¥–∞, –Ω–µ—Ç 100% –≥–∞—Ä–∞–Ω—Ç–∏–∏, —á—Ç–æ –æ—Ç–µ–ª—å —Å–º–æ–∂–µ—Ç –≤–∞—Å –∑–∞—Å–µ–ª–∏—Ç—å.–ù–∞–¥—ë–∂–Ω–µ–µ —Å–≤—è–∑–∞—Ç—å—Å—è —Å¬†–ø–æ–¥–¥–µ—Ä–∂–∫–æ–π Ostrovok.ru –∏¬†–ø–æ–ø—Ä–æ—Å–∏—Ç—å —É—Ç–æ—á–Ω–∏—Ç—å —É¬†–æ—Ç–µ–ª—è, –≤–æ–∑–º–æ–∂–Ω—ã –ª–∏¬†—Ä–∞–Ω–Ω–∏–π –∑–∞–µ–∑–¥/–ø–æ–∑–¥–Ω–∏–π –≤—ã–µ–∑–¥ –∏¬†–ø–ª–∞—Ç–Ω–∞—è –ª–∏¬†—ç—Ç–æ —É—Å–ª—É–≥–∞. –°–¥–µ–ª–∞—Ç—å —ç—Ç–æ –º–æ–∂–Ω–æ –ø–æ¬†—Ç–µ–ª–µ—Ñ–æ–Ω—É (+7-800-775-65-25), —ç–ª–µ–∫—Ç—Ä–æ–Ω–Ω–æ–π –ø–æ—á—Ç–µ (hi@ostrovok.ru),¬†–≤ –¢–µ–ª–µ–≥—Ä–∞–º–µ –∏–ª–∏¬†—á–µ—Ä–µ–∑ —Ñ–æ—Ä–º—É –æ–±—Ä–∞—Ç–Ω–æ–π —Å–≤—è–∑–∏."
–ö–∞–∫ –æ—Ç–º–µ–Ω–∏—Ç—å –∏–ª–∏ –∏–∑–º–µ–Ω–∏—Ç—å –±—Ä–æ–Ω—å,"–í—Å—è –∏–Ω—Ñ–æ—Ä–º–∞—Ü–∏—è –æ¬†–≤–∞—à–µ–º –±—Ä–æ–Ω–∏—Ä–æ–≤–∞–Ω–∏–∏ —Ö—Ä–∞–Ω–∏—Ç—Å—è –≤¬†–ª–∏—á–Ω–æ–º –∫–∞–±–∏–Ω–µ—Ç–µ –Ω–∞¬†—Å–∞–π—Ç–µ –Ω–∞—à–µ–≥–æ –æ—Ç–µ–ª—å–Ω–æ–≥–æ –ø–∞—Ä—Ç–Ω—ë—Ä–∞ Ostrovok.ru. –ß—Ç–æ–±—ã –æ—Ç–º–µ–Ω–∏—Ç—å –∏–ª–∏ –∏–∑–º–µ–Ω–∏—Ç—å –±—Ä–æ–Ω—å, —Å–≤—è–∂–∏—Ç–µ—Å—å —Å¬†–ø–æ–¥–¥–µ—Ä–∂–∫–æ–π –ø–æ¬†—Ç–µ–ª–µ—Ñ–æ–Ω—É (+7-800-775-65-25), —ç–ª–µ–∫—Ç—Ä–æ–Ω–Ω–æ–π –ø–æ—á—Ç–µ (hi@ostrovok.ru),¬†–≤ –¢–µ–ª–µ–≥—Ä–∞–º–µ –∏–ª–∏¬†—á–µ—Ä–µ–∑ —Ñ–æ—Ä–º—É –æ–±—Ä–∞—Ç–Ω–æ–π —Å–≤—è–∑–∏.–ï—Å–ª–∏ —É¬†–≤–∞—Å –æ—Å—Ç–∞–Ω—É—Ç—Å—è –≤–æ–ø—Ä–æ—Å—ã, –≤—ã¬†–≤—Å–µ–≥–¥–∞ –º–æ–∂–µ—Ç–µ —Å–≤—è–∑–∞—Ç—å—Å—è —Å –ø–æ–¥–¥–µ—Ä–∂–∫–æ–π –ê–≤–∏–∞—Å–µ–π–ªc, –Ω–æ¬†—Ç–∞–∫ –±—É–¥–µ—Ç —á—É‚Äë—É-—É—Ç—å –¥–æ–ª—å—à–µ, —á–µ–º –Ω–∞–ø—Ä—è–º—É—é —á–µ—Ä–µ–∑ Ostrovok.ru."
–ö–∞–∫–∏–º–∏ –∫–∞—Ä—Ç–∞–º–∏ –º–æ–∂–Ω–æ –ø–ª–∞—Ç–∏—Ç—å –∑–∞¬†–æ—Ç–µ–ª–∏,"–û–ø–ª–∞—Ç–∏—Ç—å –±—Ä–æ–Ω—å –º–æ–∂–Ω–æ –ª—é–±–æ–π –±–∞–Ω–∫–æ–≤—Å–∫–æ–π –∫–∞—Ä—Ç–æ–π: —Ä–æ—Å—Å–∏–π—Å–∫–æ–π –∏–ª–∏ –∑–∞—Ä—É–±–µ–∂–Ω–æ–π.–ï—Å–ª–∏ –≤—ã¬†—Ö–æ—Ç–∏—Ç–µ –ø–ª–∞—Ç–∏—Ç—å –∑–∞¬†–æ—Ç–µ–ª—å –Ω–∞¬†–º–µ—Å—Ç–µ, –≤—ã–±–µ—Ä–∏—Ç–µ —Å–æ–æ—Ç–≤–µ—Ç—Å—Ç–≤—É—é—â–∏–π —Ñ–∏–ª—å—Ç—Ä –ø—Ä–∏ –ø–æ–∏—Å–∫–µ –∏¬†–Ω—É–∂–Ω—ã–π —Ç–∞—Ä–∏—Ñ.–ï—Å–ª–∏ –±—Ä–æ–Ω–∏—Ä—É–µ—Ç–µ –∂–∏–ª—å—ë –Ω–µ¬†–≤ –†–æ—Å—Å–∏–∏ —Å –æ–ø–ª–∞—Ç–æ–π –Ω–∞¬†–º–µ—Å—Ç–µ –∏¬†–≥–∞—Ä–∞–Ω—Ç–∏–µ–π –±—Ä–æ–Ω–∏—Ä–æ–≤–∞–Ω–∏—è, –Ω—É–∂–Ω–æ –≤–≤–µ—Å—Ç–∏ –¥–∞–Ω–Ω—ã–µ –∫–∞—Ä—Ç—ã, –∫–æ—Ç–æ—Ä–∞—è —Ä–∞–±–æ—Ç–∞–µ—Ç –≤¬†—Å—Ç—Ä–∞–Ω–µ –ø–æ–µ–∑–¥–∫–∏. –ù–∞–ø—Ä–∏–º–µ—Ä, –≤¬†–¢–∞–∏–ª–∞–Ω–¥–µ –º–æ–∂–Ω–æ –ø–ª–∞—Ç–∏—Ç—å –∫–∞—Ä—Ç–æ–π UnionPay. –ï—Å–ª–∏ –≤—ã¬†—É–∫–∞–∂–µ—Ç–µ –¥–∞–Ω–Ω—ã–µ –Ω–µ–¥–µ–π—Å—Ç–≤—É—é—â–µ–π –∫–∞—Ä—Ç—ã, –æ—Ç–µ–ª—å –º–æ–∂–µ—Ç –æ—Ç–º–µ–Ω–∏—Ç—å –±—Ä–æ–Ω—å. –ï—Å–ª–∏ –≤—ã¬†–±—É–¥–µ—Ç–µ –ø–ª–∞—Ç–∏—Ç—å –Ω–∞¬†–º–µ—Å—Ç–µ, –Ω–æ¬†–Ω–µ –≥–æ—Ç–æ–≤—ã –æ—Å—Ç–∞–≤–ª—è—Ç—å –¥–∞–Ω–Ω—ã–µ –∫–∞—Ä—Ç—ã, –≤—ã–±–µ—Ä–∏—Ç–µ –ø—Ä–∏ –ø–æ–∏—Å–∫–µ —Ñ–∏–ª—å—Ç—Ä ¬´‚Äé–î–ª—è –±—Ä–æ–Ω–∏—Ä–æ–≤–∞–Ω–∏—è –Ω–µ¬†–Ω—É–∂–Ω–∞ –∫–∞—Ä—Ç–∞¬ª. –ï—Å–ª–∏ –≤—ã¬†—Ö–æ—Ç–∏—Ç–µ –ø–ª–∞—Ç–∏—Ç—å –∏—Å–∫–ª—é—á–∏—Ç–µ–ª—å–Ω–æ –Ω–∞–ª–∏—á–Ω—ã–º–∏, –ª—É—á—à–µ –∑–∞—Ä–∞–Ω–µ–µ —Å–≤—è–∑–∞—Ç—å—Å—è —Å¬†–æ—Ç–µ–ª–µ–º –∏¬†—É—Ç–æ—á–Ω–∏—Ç—å, –µ—Å—Ç—å –ª–∏¬†—Ç–∞–∫–∞—è –æ–ø—Ü–∏—è –∏¬†–∫–∞–∫—É—é –≤–∞–ª—é—Ç—É —Ç–∞–º –ø—Ä–∏–Ω–∏–º–∞—é—Ç ‚Äì –∫–æ–Ω—Ç–∞–∫—Ç—ã –º–æ–∂–Ω–æ –Ω–∞–π—Ç–∏ –≤¬†–æ–ø–∏—Å–∞–Ω–∏–∏ –æ—Ç–µ–ª—è –Ω–∞¬†–ê–≤–∏–∞—Å–µ–π–ª—Å."
–ö–∞–∫–∏–µ —Ç–∏–ø—ã –∂–∏–ª—å—è –º–æ–∂–Ω–æ –Ω–∞–π—Ç–∏ –Ω–∞ –ê–≤–∏–∞—Å–µ–π–ª—Å?,"–ù–∞ –ê–≤–∏–∞—Å–µ–π–ª—Å –¥–æ—Å—Ç—É–ø–Ω—ã –æ—Ç–µ–ª–∏, –∞–ø–∞—Ä—Ç–∞–º–µ–Ω—Ç—ã, —Ö–æ—Å—Ç–µ–ª—ã, –±—É–Ω–≥–∞–ª–æ –∏ –¥—Ä—É–≥–∏–µ –≤–∞—Ä–∏–∞–Ω—Ç—ã ‚Äî –≤—Å–µ–≥–æ –±–æ–ª–µ–µ 2,5 –º–ª–Ω –ø—Ä–µ–¥–ª–æ–∂–µ–Ω–∏–π –ø–æ –≤—Å–µ–º—É –º–∏—Ä—É."
–ö–∞–∫ –Ω–∞–π—Ç–∏ —Ä–∞–∑–¥–µ–ª ¬´–û—Ç–µ–ª–∏¬ª –Ω–∞ —Å–∞–π—Ç–µ –ê–≤–∏–∞—Å–µ–π–ª—Å?,–í –º–µ–Ω—é –Ω–∞ –≥–ª–∞–≤–Ω–æ–π —Å—Ç—Ä–∞–Ω–∏—Ü–µ –≤—ã–±–µ—Ä–∏—Ç–µ —Ä–∞–∑–¥–µ–ª —Å –∏–∫–æ–Ω–∫–æ–π –∫—Ä–æ–≤–∞—Ç–∏.
–ß—Ç–æ –Ω—É–∂–Ω–æ —É–∫–∞–∑–∞—Ç—å –≤ –ø–æ–∏—Å–∫–æ–≤–æ–π —Å—Ç—Ä–æ–∫–µ –¥–ª—è –ø–æ–∏—Å–∫–∞ –∂–∏–ª—å—è?,"–£–∫–∞–∂–∏—Ç–µ –≥–æ—Ä–æ–¥ –∏–ª–∏ –Ω–∞–∑–≤–∞–Ω–∏–µ –æ—Ç–µ–ª—è (–µ—Å–ª–∏ —É–∂–µ –∑–Ω–∞–µ—Ç–µ, –≥–¥–µ —Ö–æ—Ç–∏—Ç–µ –æ—Å—Ç–∞–Ω–æ–≤–∏—Ç—å—Å—è), –¥–∞—Ç—ã –∑–∞–µ–∑–¥–∞ –∏ –≤—ã–µ–∑–¥–∞, –∫–æ–ª–∏—á–µ—Å—Ç–≤–æ –≥–æ—Å—Ç–µ–π –∏ –≤–æ–∑—Ä–∞—Å—Ç –¥–µ—Ç–µ–π (–µ—Å–ª–∏ –æ–Ω–∏ –ø—É—Ç–µ—à–µ—Å—Ç–≤—É—é—Ç —Å –≤–∞–º–∏)."
–ö–∞–∫–∏–µ —Ñ–∏–ª—å—Ç—Ä—ã –º–æ–∂–Ω–æ –∏—Å–ø–æ–ª—å–∑–æ–≤–∞—Ç—å –ø—Ä–∏ –ø–æ–∏—Å–∫–µ –∂–∏–ª—å—è?,"–ú–æ–∂–Ω–æ —Ñ–∏–ª—å—Ç—Ä–æ–≤–∞—Ç—å –ø–æ —Ü–µ–Ω–µ, –Ω–∞–ª–∏—á–∏—é –∑–∞–≤—Ç—Ä–∞–∫–∞, —É–¥–æ–±—Å—Ç–≤–∞–º, —Å–ø–æ—Å–æ–±—É –æ–ø–ª–∞—Ç—ã –∏ –¥—Ä—É–≥–∏–º –∫—Ä–∏—Ç–µ—Ä–∏—è–º."
–ö–∞–∫ –º–æ–∂–Ω–æ –æ—Ç—Å–æ—Ä—Ç–∏—Ä–æ–≤–∞—Ç—å –Ω–∞–π–¥–µ–Ω–Ω—ã–µ –≤–∞—Ä–∏–∞–Ω—Ç—ã –∂–∏–ª—å—è?,"–í–∞—Ä–∏–∞–Ω—Ç—ã –º–æ–∂–Ω–æ –æ—Ç—Å–æ—Ä—Ç–∏—Ä–æ–≤–∞—Ç—å –ø–æ —Ä–µ–π—Ç–∏–Ω–≥—É, —Ü–µ–Ω–µ –∏–ª–∏ –ø–æ–ø—É–ª—è—Ä–Ω–æ—Å—Ç–∏."
–ì–¥–µ –º–æ–∂–Ω–æ –ø–æ—Å–º–æ—Ç—Ä–µ—Ç—å –∏–Ω—Ñ–æ—Ä–º–∞—Ü–∏—é –æ–± –æ—Ç–µ–ª–µ –∏ –¥–æ—Å—Ç—É–ø–Ω—ã—Ö –Ω–æ–º–µ—Ä–∞—Ö?,–ù–∞ —Å—Ç—Ä–∞–Ω–∏—Ü–µ –æ—Ç–µ–ª—è –¥–æ—Å—Ç—É–ø–Ω–∞ –∏–Ω—Ñ–æ—Ä–º–∞—Ü–∏—è –æ –µ–≥–æ —É–¥–æ–±—Å—Ç–≤–∞—Ö –∏ –≤—Å–µ—Ö –≤–∞—Ä–∏–∞–Ω—Ç–∞—Ö –Ω–æ–º–µ—Ä–æ–≤ —Å —Ç–∞—Ä–∏—Ñ–∞–º–∏.
–ö–∞–∫–∏–µ —Ç–∞—Ä–∏—Ñ—ã –¥–æ—Å—Ç—É–ø–Ω—ã –¥–ª—è –±—Ä–æ–Ω–∏—Ä–æ–≤–∞–Ω–∏—è?,"–ù–∞–ø—Ä–∏–º–µ—Ä, —Ç–∞—Ä–∏—Ñ—ã —Å –∑–∞–≤—Ç—Ä–∞–∫–æ–º –∏–ª–∏ –±–µ–∑, —Å –±–µ—Å–ø–ª–∞—Ç–Ω–æ–π –æ—Ç–º–µ–Ω–æ–π –∏–ª–∏ –æ–ø–ª–∞—Ç–æ–π –Ω–∞ –º–µ—Å—Ç–µ."
–ö–∞–∫ –≤—ã–±—Ä–∞—Ç—å –ø–æ–¥—Ö–æ–¥—è—â–∏–π —Ç–∞—Ä–∏—Ñ?,"–ù–∞ —Å—Ç—Ä–∞–Ω–∏—Ü–µ –æ—Ç–µ–ª—è –Ω–∞–∂–º–∏—Ç–µ ¬´–ò–∑–º–µ–Ω–∏—Ç—å —Ç–∞—Ä–∏—Ñ¬ª, –≤—ã–±–µ—Ä–∏—Ç–µ –≤–∞—Ä–∏–∞–Ω—Ç –∏ –Ω–∞–∂–º–∏—Ç–µ ¬´–ó–∞–±—Ä–æ–Ω–∏—Ä–æ–≤–∞—Ç—å¬ª."
–ß—Ç–æ –ø—Ä–æ–∏—Å—Ö–æ–¥–∏—Ç –ø–æ—Å–ª–µ –≤—ã–±–æ—Ä–∞ —Ç–∞—Ä–∏—Ñ–∞?,–í—ã –±—É–¥–µ—Ç–µ –ø–µ—Ä–µ–Ω–∞–ø—Ä–∞–≤–ª–µ–Ω—ã –Ω–∞ —Å–∞–π—Ç –ø–∞—Ä—Ç–Ω—ë—Ä–∞ ‚Äî Ostrovok.ru.
–ö–∞–∫–∏–µ –¥–∞–Ω–Ω—ã–µ –Ω—É–∂–Ω–æ –≤–≤–µ—Å—Ç–∏ –Ω–∞ —Å–∞–π—Ç–µ –ø–∞—Ä—Ç–Ω—ë—Ä–∞?,"–ü—Ä–æ–≤–µ—Ä—å—Ç–µ –¥–µ—Ç–∞–ª–∏ –±—Ä–æ–Ω–∏—Ä–æ–≤–∞–Ω–∏—è, –≤–≤–µ–¥–∏—Ç–µ –∫–æ–Ω—Ç–∞–∫—Ç–Ω—ã–µ –¥–∞–Ω–Ω—ã–µ, –ø—Ä–∏–º–µ—Ä–Ω–æ–µ –≤—Ä–µ–º—è –∑–∞–µ–∑–¥–∞ –∏ –ø–æ–∂–µ–ª–∞–Ω–∏—è (–Ω–∞–ø—Ä–∏–º–µ—Ä, –Ω–æ–º–µ—Ä –Ω–∞ –≤–µ—Ä—Ö–Ω–µ–º —ç—Ç–∞–∂–µ). –ú–æ–∂–Ω–æ —Ç–∞–∫–∂–µ —É–∫–∞–∑–∞—Ç—å –ø—Ä–æ–º–æ–∫–æ–¥, –µ—Å–ª–∏ –æ–Ω —É –≤–∞—Å –µ—Å—Ç—å."
–ö–∞–∫–∏–µ —Å–ø–æ—Å–æ–±—ã –æ–ø–ª–∞—Ç—ã –¥–æ—Å—Ç—É–ø–Ω—ã –Ω–∞ Ostrovok.ru?,"–ú–æ–∂–Ω–æ –æ–ø–ª–∞—Ç–∏—Ç—å –∫–∞—Ä—Ç–æ–π, —á–µ—Ä–µ–∑ –°–∏—Å—Ç–µ–º—É –±—ã—Å—Ç—Ä—ã—Ö –ø–ª–∞—Ç–µ–∂–µ–π –∏–ª–∏ Yandex Pay."
"–ß—Ç–æ –¥–µ–ª–∞—Ç—å, –µ—Å–ª–∏ –≤—ã –≤—ã–±—Ä–∞–ª–∏ –æ–ø–ª–∞—Ç—É –Ω–∞ –º–µ—Å—Ç–µ?","–î–µ–Ω—å–≥–∏ –Ω–µ —Å–ø–∏—à—É—Ç, –Ω–æ –ø–æ—Ç—Ä–µ–±—É–µ—Ç—Å—è –≤–≤–µ—Å—Ç–∏ –¥–∞–Ω–Ω—ã–µ –∫–∞—Ä—Ç—ã –¥–ª—è –≥–∞—Ä–∞–Ω—Ç–∏–∏ –±—Ä–æ–Ω–∏—Ä–æ–≤–∞–Ω–∏—è. –ï—Å–ª–∏ –æ—Ç–º–µ–Ω–∞ –ø–ª–∞—Ç–Ω–∞—è, —Å—É–º–º–∞ –±—É–¥–µ—Ç —Å–ø–∏—Å–∞–Ω–∞ —Å —ç—Ç–æ–π –∫–∞—Ä—Ç—ã."
–ú–æ–∂–Ω–æ –ª–∏ –∑–∞–±—Ä–æ–Ω–∏—Ä–æ–≤–∞—Ç—å –∂–∏–ª—å—ë –±–µ–∑ —É–∫–∞–∑–∞–Ω–∏—è –¥–∞–Ω–Ω—ã—Ö –∫–∞—Ä—Ç—ã?,"–î–∞, –∏—Å–ø–æ–ª—å–∑—É–π—Ç–µ —Ñ–∏–ª—å—Ç—Ä ¬´–î–ª—è –±—Ä–æ–Ω–∏—Ä–æ–≤–∞–Ω–∏—è –Ω–µ –Ω—É–∂–Ω–∞ –∫–∞—Ä—Ç–∞¬ª. –û–¥–Ω–∞–∫–æ –ª—É—á—à–µ —É—Ç–æ—á–Ω–∏—Ç—å —É –æ—Ç–µ–ª—è, –∫–∞–∫–∏–µ —Å–ø–æ—Å–æ–±—ã –æ–ø–ª–∞—Ç—ã –∏ –≤–∞–ª—é—Ç—É –æ–Ω –ø—Ä–∏–Ω–∏–º–∞–µ—Ç."
"–ö–∞–∫ –ø–æ—Å–º–æ—Ç—Ä–µ—Ç—å —Ä–∞–∑–º–µ—Ä –∏ –º–∞–∫—Å–∏–º–∞–ª—å–Ω—ã–π –≤–µ—Å –±–∞–≥–∞–∂–∞, –∫–æ—Ç–æ—Ä—ã–π –º–æ–∂–Ω–æ –≤–∑—è—Ç—å —Å —Å–æ–±–æ–π?","–ù–æ—Ä–º—ã –ø—Ä–æ–≤–æ–∑–∞ –±–∞–≥–∞–∂–∞ —É –≤—Å–µ—Ö –∞–≤–∏–∞–∫–æ–º–ø–∞–Ω–∏–π —Ä–∞–∑–Ω—ã–µ. –ù–∞ —ç—Ç–∞–ø–µ –ø–æ–∏—Å–∫–∞ –±–∏–ª–µ—Ç–∞ –º—ã –ø–æ–∫–∞–∂–µ–º, —Å–∫–æ–ª—å–∫–æ –∫–∏–ª–æ–≥—Ä–∞–º–º–æ–≤ –≤–∫–ª—é—á–µ–Ω–æ –≤ –≤–∞—à –±–∏–ª–µ—Ç, –µ—Å–ª–∏ –ø—Ä–æ–¥–∞–≤–µ—Ü –ø–µ—Ä–µ–¥–∞–ª –Ω–∞–º —ç—Ç—É –∏–Ω—Ñ–æ—Ä–º–∞—Ü–∏—é."
–ü–æ—á–µ–º—É –ê–≤–∏–∞—Å–µ–π–ª—Å –Ω–µ –ø–æ–∫–∞–∑—ã–≤–∞–µ—Ç –≤–µ—Å –±–∞–≥–∞–∂–∞?,"–ù–µ –≤—Å–µ –ø—Ä–æ–¥–∞–≤—Ü—ã –ø–µ—Ä–µ–¥–∞—é—Ç –∏–Ω—Ñ–æ—Ä–º–∞—Ü–∏—é –æ –≤–µ—Å–µ –±–∞–≥–∞–∂–∞. –ï—Å–ª–∏ –¥–∞–Ω–Ω—ã–µ –ø—Ä–µ–¥–æ—Å—Ç–∞–≤–ª–µ–Ω—ã, –ê–≤–∏–∞—Å–µ–π–ª—Å –æ–±—è–∑–∞—Ç–µ–ª—å–Ω–æ –∏—Ö –æ—Ç–æ–±—Ä–∞–∂–∞–µ—Ç."
–ù—É–∂–Ω–æ –ª–∏¬†–ø–µ—á–∞—Ç–∞—Ç—å –±–∏–ª–µ—Ç,"–ï—Å–ª–∏ –∫–æ—Ä–æ—Ç–∫–æ, —Ç–æ –Ω–µ—Ç. –ú–∞—Ä—à—Ä—É—Ç–Ω–∞—è –∫–≤–∏—Ç–∞–Ω—Ü–∏—è ‚Äî —ç—Ç–æ —ç–ª–µ–∫—Ç—Ä–æ–Ω–Ω—ã–π –±–∏–ª–µ—Ç, –ø–æ–¥—Ç–≤–µ—Ä–∂–¥–∞—é—â–∏–π –ø–æ–∫—É–ø–∫—É –º–µ—Å—Ç–∞ –Ω–∞ —Ä–µ–π—Å–µ, —Å–æ –≤—Å–µ–º–∏ –µ–≥–æ –¥–µ—Ç–∞–ª—è–º–∏ ‚Äî –≤—Ä–µ–º–µ–Ω–µ–º, –∞—ç—Ä–æ–ø–æ—Ä—Ç–æ–º –≤—ã–ª–µ—Ç–∞ –∏ –ø—Ä–∏–ª—ë—Ç–∞, –¥–∞–Ω–Ω—ã–º–∏ –ø–∞—Å—Å–∞–∂–∏—Ä–∞. –ë–∏–ª–µ—Ç –ø—Ä–∏—Ö–æ–¥–∏—Ç –Ω–∞ –ø–æ—á—Ç—É, –∫–æ—Ç–æ—Ä—É—é –≤—ã —É–∫–∞–∑–∞–ª–∏ –≤ –ø—Ä–æ—Ü–µ—Å—Å–µ –±—Ä–æ–Ω–∏—Ä–æ–≤–∞–Ω–∏—è, –≤ —Ç–µ—á–µ–Ω–∏–µ —Ç—Ä—ë—Ö —á–∞—Å–æ–≤ –ø–æ—Å–ª–µ –æ–ø–ª–∞—Ç—ã. –ü–æ–∫–∞–∑—ã–≤–∞—Ç—å –º–∞—Ä—à—Ä—É—Ç–Ω—É—é –∫–≤–∏—Ç–∞–Ω—Ü–∏—é –≤ –∞—ç—Ä–æ–ø–æ—Ä—Ç—É –Ω–µ –Ω—É–∂–Ω–æ. –í–∞—à–∏ –¥–∞–Ω–Ω—ã–µ —É–∂–µ –µ—Å—Ç—å —É –∞–≤–∏–∞–∫–æ–º–ø–∞–Ω–∏–∏, —Ç–∞–∫ —á—Ç–æ –¥–ª—è —Ä–µ–≥–∏—Å—Ç—Ä–∞—Ü–∏–∏ –Ω–∞ —Ä–µ–π—Å –ø–æ–Ω–∞–¥–æ–±–∏—Ç—Å—è —Ç–æ–ª—å–∫–æ –ø–∞—Å–ø–æ—Ä—Ç. –î–ª—è –ø–æ—Å–∞–¥–∫–∏ –Ω–∞ —Ä–µ–π—Å –Ω—É–∂–µ–Ω –ø–æ—Å–∞–¥–æ—á–Ω—ã–π —Ç–∞–ª–æ–Ω ‚Äî –µ–≥–æ –º–æ–∂–Ω–æ –ø–æ–ª—É—á–∏—Ç—å –Ω–∞ —Å—Ç–æ–π–∫–µ —Ä–µ–≥–∏—Å—Ç—Ä–∞—Ü–∏–∏ –≤ –∞—ç—Ä–æ–ø–æ—Ä—Ç—É, –≤ –∞–≤—Ç–æ–º–∞—Ç–µ —Å–∞–º–æ—Ä–µ–≥–∏—Å—Ç—Ä–∞—Ü–∏–∏ –∏–ª–∏ –ø—Ä–∏ —Ä–µ–≥–∏—Å—Ç—Ä–∞—Ü–∏–∏ –æ–Ω–ª–∞–π–Ω. –í –ø–æ—Å–ª–µ–¥–Ω–µ–º —Å–ª—É—á–∞–µ —Ç–∞–ª–æ–Ω –ø—Ä–∏–¥—ë—Ç –Ω–∞ –ø–æ—á—Ç—É, –µ–≥–æ –º–æ–∂–Ω–æ –ø—Ä–æ—Å—Ç–æ —Å–æ—Ö—Ä–∞–Ω–∏—Ç—å –Ω–∞ —Ç–µ–ª–µ—Ñ–æ–Ω –∏–ª–∏ —Ä–∞—Å–ø–µ—á–∞—Ç–∞—Ç—å –Ω–∞ –æ–±—ã—á–Ω–æ–º –ø—Ä–∏–Ω—Ç–µ—Ä–µ. –ù–µ–∫–æ—Ç–æ—Ä—ã–µ –∞–≤–∏–∞–∫–æ–º–ø–∞–Ω–∏–∏, –Ω–∞–ø—Ä–∏–º–µ—Ä, –ª–æ—É–∫–æ—Å—Ç–µ—Ä—ã, –±–µ—Ä—É—Ç –¥–æ–ø–æ–ª–Ω–∏—Ç–µ–ª—å–Ω—É—é –ø–ª–∞—Ç—É –∑–∞ —Ä–∞—Å–ø–µ—á–∞—Ç–∫—É —Ç–∞–ª–æ–Ω–∞ –Ω–∞ —Å—Ç–æ–π–∫–µ —Ä–µ–≥–∏—Å—Ç—Ä–∞—Ü–∏–∏. –ü–æ—ç—Ç–æ–º—É, –µ—Å–ª–∏ –Ω–µ —Ö–æ—Ç–∏—Ç–µ –ø–µ—Ä–µ–ø–ª–∞—á–∏–≤–∞—Ç—å, –ø—Ä–æ–≤–µ—Ä—è–π—Ç–µ –ø—Ä–∞–≤–∏–ª–∞ –∞–≤–∏–∞–∫–æ–º–ø–∞–Ω–∏–π –ø–µ—Ä–µ–¥ –≤—ã–ª–µ—Ç–æ–º. –ï—Å–ª–∏ –±–∏–ª–µ—Ç –Ω–µ –ø—Ä–∏—à—ë–ª –Ω–∞ –ø–æ—á—Ç—É, –ø—Ä–æ–≤–µ—Ä—å—Ç–µ –ø–∞–ø–∫—É ¬´–°–ø–∞–º¬ª. –ï—Å–ª–∏ –∏ —Ç–∞–º –Ω–µ—Ç, —á–∏—Ç–∞–π—Ç–µ –Ω–∞—à—É —Å—Ç–∞—Ç—å—é ¬´–ú–Ω–µ –Ω–µ –ø—Ä–∏—à—ë–ª –±–∏–ª–µ—Ç¬ª


"
"–ö–∞–∫ —É–∑–Ω–∞—Ç—å, —É –∫–∞–∫–æ–≥–æ –ø—Ä–æ–¥–∞–≤—Ü–∞ –±—ã–ª –∑–∞–±—Ä–æ–Ω–∏—Ä–æ–≤–∞–Ω –±–∏–ª–µ—Ç?",–ü—Ä–æ–≤–µ—Ä—å—Ç–µ —Å–ø—Ä–∞–≤–∫—É –æ–± –æ–ø–µ—Ä–∞—Ü–∏–∏ –≤ –∏–Ω—Ç–µ—Ä–Ω–µ—Ç-–±–∞–Ω–∫–µ –∏–ª–∏ –°–ú–° –æ —Å–ø–∏—Å–∞–Ω–∏–∏ –¥–µ–Ω–µ–≥ ‚Äî —Ç–∞–º –±—É–¥–µ—Ç —É–∫–∞–∑–∞–Ω–æ –Ω–∞–∑–≤–∞–Ω–∏–µ –ø—Ä–æ–¥–∞–≤—Ü–∞.
–ö–∞–∫ —Å–≤—è–∑–∞—Ç—å—Å—è —Å –ø—Ä–æ–¥–∞–≤—Ü–æ–º –±–∏–ª–µ—Ç–∞?,"–í–≤–µ–¥–∏—Ç–µ –Ω–∞–∑–≤–∞–Ω–∏–µ –∞–≤–∏–∞–∫–æ–º–ø–∞–Ω–∏–∏ –∏–ª–∏ –∞–≥–µ–Ω—Ç—Å—Ç–≤–∞, —á—Ç–æ–±—ã –Ω–∞–π—Ç–∏ –∫–æ–Ω—Ç–∞–∫—Ç–Ω—ã–µ –¥–∞–Ω–Ω—ã–µ –¥–ª—è —Å–≤—è–∑–∏. –ï—Å–ª–∏ –±–∏–ª–µ—Ç –ø—Ä–æ–¥–∞–Ω —á–µ—Ä–µ–∑ –ê–≤–∏–∞—Å–µ–π–ª—Å, –æ–±—Ä–∞—â–∞–π—Ç–µ—Å—å –≤ –Ω–∞—à—É –ø–æ–¥–¥–µ—Ä–∂–∫—É."
–ö–∞–∫ –ø–æ–ª—É—á–∏—Ç—å –º–∏–ª–∏ –∑–∞¬†–ø–æ–ª—ë—Ç,"–ï—Å–ª–∏ –≤—ã¬†—Ç–æ–ª—å–∫–æ –æ—Ñ–æ—Ä–º–ª—è–µ—Ç–µ –±—Ä–æ–Ω–∏—Ä–æ–≤–∞–Ω–∏–µ, —Ç–æ¬†–Ω–æ–º–µ—Ä –±–æ–Ω—É—Å–Ω–æ–π –∫–∞—Ä—Ç—ã –º–æ–∂–Ω–æ –≤–≤–µ—Å—Ç–∏ –Ω–∞¬†—ç—Ç–æ–º —ç—Ç–∞–ø–µ¬†‚Äî —É¬†–Ω–µ–∫–æ—Ç–æ—Ä—ã—Ö –ø—Ä–æ–¥–∞–≤—Ü–æ–≤ –µ—Å—Ç—å —Å–ø–µ—Ü–∏–∞–ª—å–Ω–æ–µ –ø–æ–ª–µ.–ü–æ–ª—É—á–∏—Ç—å –º–∏–ª–∏ –º–æ–∂–Ω–æ –ø–æ—Å–ª–µ –ø–æ–∫—É–ø–∫–∏ –±–∏–ª–µ—Ç–∞ –∏¬†–¥–∞–∂–µ –ø–æ—Å–ª–µ –ø–æ–ª—ë—Ç–∞. –î–ª—è —ç—Ç–æ–≥–æ –Ω—É–∂–Ω–æ:–∑–∞–π—Ç–∏ –Ω–∞ —Å–∞–π—Ç –∞–≤–∏–∞–∫–æ–º–ø–∞–Ω–∏–∏;–≤–æ–π—Ç–∏ –≤ –ª–∏—á–Ω—ã–π –∫–∞–±–∏–Ω–µ—Ç —Å –ø–æ–º–æ—â—å—é –Ω–æ–º–µ—Ä–∞ –±—Ä–æ–Ω–∏ –∏ –ø–æ—á—Ç—ã, –∫–æ—Ç–æ—Ä—É—é —É–∫–∞–∑–∞–ª–∏ –≤–æ –≤—Ä–µ–º—è –ø–æ–∫—É–ø–∫–∏, –ª–∏–±–æ —á–µ—Ä–µ–∑ –ª–æ–≥–∏–Ω –∏ –ø–∞—Ä–æ–ª—å;–æ—Ç–∫—Ä—ã—Ç—å –∏–Ω—Ñ–æ—Ä–º–∞—Ü–∏—é –æ –±—Ä–æ–Ω–∏—Ä–æ–≤–∞–Ω–∏–∏, –≤–≤–µ—Å—Ç–∏ –∏ —Å–æ—Ö—Ä–∞–Ω–∏—Ç—å –Ω–æ–º–µ—Ä –±–æ–Ω—É—Å–Ω–æ–π –∫–∞—Ä—Ç—ã.–ï—â—ë –±–æ–ª—å—à–µ –æ¬†—Ç–æ–º, —É¬†–∫–∞–∫–∏—Ö –∞–≤–∏–∞–∫–æ–º–ø–∞–Ω–∏–π –µ—Å—Ç—å –ø—Ä–æ–≥—Ä–∞–º–º—ã –ª–æ—è–ª—å–Ω–æ—Å—Ç–∏, –∫–∞–∫ –ø—Ä–∏ –ø–æ–∫—É–ø–∫–µ —á–µ—Ä–µ–∑ –ê–≤–∏–∞—Å–µ–π–ª—Å –∫–æ–ø–∏—Ç—å –º–∏–ª–∏ –∏¬†–Ω–∞ —á—Ç–æ –∏—Ö¬†–º–æ–∂–Ω–æ —Ç—Ä–∞—Ç–∏—Ç—å, —á–∏—Ç–∞–π—Ç–µ –≤ –∂—É—Ä–Ω–∞–ª–µ –æ –ø—É—Ç–µ—à–µ—Å—Ç–≤–∏—è—Ö –ü–°–ñ–†."
–ö–∞–∫ –∫—É–ø–∏—Ç—å –ª—å–≥–æ—Ç–Ω—ã–µ –±–∏–ª–µ—Ç—ã,"–õ—å–≥–æ—Ç–Ω—ã–µ –±–∏–ª–µ—Ç—ã –º–æ–∂–Ω–æ –∫—É–ø–∏—Ç—å –Ω–∞¬†—Å–∞–π—Ç–µ –∞–≤–∏–∞–∫–æ–º–ø–∞–Ω–∏–∏ –∏–ª–∏ –≤¬†–∞–≤–∏–∞–∫–∞—Å—Å–∞—Ö, —Å¬†–∫–æ—Ç–æ—Ä—ã–º–∏ –æ–Ω–∞ —Å–æ—Ç—Ä—É–¥–Ω–∏—á–∞–µ—Ç. –ò–∑—É—á–∏—Ç–µ –ø—Ä–∞–≤–∏–ª–∞ –ø–µ—Ä–µ–≤–æ–∑—á–∏–∫–∞ –ø–µ—Ä–µ–¥ –ø–æ–∫—É–ø–∫–æ–π.–ß–∞—â–µ –≤—Å–µ–≥–æ –∞–≤–∏–∞–∫–æ–º–ø–∞–Ω–∏–∏ –ø—Ä–æ–¥–∞—é—Ç –±–∏–ª–µ—Ç—ã —Å–æ¬†—Å–∫–∏–¥–∫–∞–º–∏ –¥–ª—è –æ–ø—Ä–µ–¥–µ–ª—ë–Ω–Ω—ã—Ö –∫–∞—Ç–µ–≥–æ—Ä–∏–π –ø–∞—Å—Å–∞–∂–∏—Ä–æ–≤: –ø–µ–Ω—Å–∏–æ–Ω–µ—Ä–æ–≤, —à–∫–æ–ª—å–Ω–∏–∫–æ–≤ –∏–ª–∏ —Å—Ç—É–¥–µ–Ω—Ç–æ–≤, –ø–∞—Å—Å–∞–∂–∏—Ä–æ–≤ —Å¬†–∏–Ω–≤–∞–ª–∏–¥–Ω–æ—Å—Ç—å—é –∏–ª–∏ —Å¬†–¥–æ–ø–æ–ª–Ω–∏—Ç–µ–ª—å–Ω—ã–º–∏ –ø–æ—Ç—Ä–µ–±–Ω–æ—Å—Ç—è–º–∏ –∑–¥–æ—Ä–æ–≤—å—è, –º–Ω–æ–≥–æ–¥–µ—Ç–Ω—ã—Ö —Å–µ–º—å–µ–π, –∞¬†—Ç–∞–∫–∂–µ –∂–∏—Ç–µ–ª–µ–π –î–∞–ª—å–Ω–µ–≥–æ –í–æ—Å—Ç–æ–∫–∞.–í–æ—Ç —Å–ø–∏—Å–æ–∫ –∞–≤–∏–∞–∫–æ–º–ø–∞–Ω–∏–π, –∫–æ—Ç–æ—Ä—ã–µ —Ä–∞–∑—Ä–µ—à–∞—é—Ç –ø–æ–∫—É–ø–∞—Ç—å –±–∏–ª–µ—Ç—ã –ø–æ¬†–ª—å–≥–æ—Ç–µ —É¬†—Å–µ–±—è –Ω–∞¬†—Å–∞–π—Ç–∞—Ö: –ê—ç—Ä–æ—Ñ–ª–æ—Ç; Nordwind; –£—Ä–∞–ª—å—Å–∫–∏–µ –∞–≤–∏–∞–ª–∏–Ω–∏–∏; S7; Smartavia; Red Wings.
–õ—å–≥–æ—Ç–Ω—ã–µ –±–∏–ª–µ—Ç—ã Utair –Ω—É–∂–Ω–æ –ø–æ–∫—É–ø–∞—Ç—å –≤¬†–æ—Ñ–ª–∞–π–Ω‚Äë–∫–∞—Å—Å–∞—Ö¬†‚Äî –æ–Ω–ª–∞–π–Ω –æ–Ω–∏ –Ω–µ¬†–ø—Ä–æ–¥–∞—é—Ç—Å—è. –î–ª—è –æ—Ñ–æ—Ä–º–ª–µ–Ω–∏—è –≤–∞–º –ø–æ–Ω–∞–¥–æ–±—è—Ç—Å—è –¥–æ–∫—É–º–µ–Ω—Ç—ã, —É–¥–æ—Å—Ç–æ–≤–µ—Ä—è—é—â–∏–µ –ª–∏—á–Ω–æ—Å—Ç—å –∏¬†–ø–æ–¥—Ç–≤–µ—Ä–∂–¥–∞—é—â–∏–µ –Ω–∞–ª–∏—á–∏–µ –ª—å–≥–æ—Ç—ã. –ë–æ–ª—å—à–µ –ø–æ–¥—Ä–æ–±–Ω–æ—Å—Ç–µ–π –æ¬†—Ç–æ–º, –∫—Ç–æ –∏¬†–∫–∞–∫ –º–æ–∂–µ—Ç –∫—É–ø–∏—Ç—å –ª—å–≥–æ—Ç–Ω—ã–π –±–∏–ª–µ—Ç, –µ—Å—Ç—å –≤ –Ω–∞—à–µ–º –∂—É—Ä–Ω–∞–ª–µ –æ –ø—É—Ç–µ—à–µ—Å—Ç–≤–∏—è—Ö –ü–°–ñ–†. –¢–∞–º –∂–µ¬†–º–æ–∂–Ω–æ –ø–æ—á–∏—Ç–∞—Ç—å, —á—Ç–æ —Ç–∞–∫–æ–µ —Å—É–±—Å–∏–¥–∏—Ä–æ–≤–∞–Ω–Ω—ã–µ –±–∏–ª–µ—Ç—ã –∏¬†–≤ –∫–∞–∫–∏–µ –≥–æ—Ä–æ–¥–∞ –ø–æ¬†–Ω–∏–º –º–æ–∂–Ω–æ —É–ª–µ—Ç–µ—Ç—å."
–ö–∞–∫ –∫—É–ø–∏—Ç—å –±–∏–ª–µ—Ç—ã –Ω–∞¬†–≥—Ä—É–ø–ø—É –ª—é–¥–µ–π,"–ù–∞ –ê–≤–∏–∞—Å–µ–π–ª—Å –º–æ–∂–Ω–æ –Ω–∞–π—Ç–∏ –±–∏–ª–µ—Ç—ã –º–∞–∫—Å–∏–º—É–º –Ω–∞¬†9 —á–µ–ª–æ–≤–µ–∫¬†‚Äî —ç—Ç–æ –æ–≥—Ä–∞–Ω–∏—á–µ–Ω–∏–µ –≥–ª–æ–±–∞–ª—å–Ω–æ–π —Å–∏—Å—Ç–µ–º—ã –±—Ä–æ–Ω–∏—Ä–æ–≤–∞–Ω–∏—è. –î–ª—è –æ—Ñ–æ—Ä–º–ª–µ–Ω–∏—è –≥—Ä—É–ø–ø–æ–≤—ã—Ö –±—Ä–æ–Ω–∏—Ä–æ–≤–∞–Ω–∏–π –Ω—É–∂–Ω–æ –æ–±—Ä–∞—â–∞—Ç—å—Å—è –Ω–∞–ø—Ä—è–º—É—é –≤¬†–∞–≤–∏–∞–∫–æ–º–ø–∞–Ω–∏—é, –∫–æ—Ç–æ—Ä–æ–π —Å–æ–±–∏—Ä–∞–µ—Ç–µ—Å—å –ª–µ—Ç–µ—Ç—å. –ö–∞–∫ –ø—Ä–∞–≤–∏–ª–æ, —É¬†–ø–µ—Ä–µ–≤–æ–∑—á–∏–∫–æ–≤ –µ—Å—Ç—å –æ—Ç–¥–µ–ª—å–Ω—ã–µ —Ç–∞—Ä–∏—Ñ—ã –Ω–∞¬†–≥—Ä—É–ø–ø—ã –±–æ–ª—å—à–µ 9¬†—á–µ–ª–æ–≤–µ–∫."
–ö–∞–∫ –∑–∞–±—Ä–æ–Ω–∏—Ä–æ–≤–∞—Ç—å –±–∏–ª–µ—Ç –±–µ–∑ –æ–ø–ª–∞—Ç—ã,"–ú–∞–ª–æ –∫—Ç–æ –∏–∑ –Ω–∞—à–∏—Ö –ø–∞—Ä—Ç–Ω—ë—Ä–æ–≤ —Ä–∞–∑—Ä–µ—à–∞–µ—Ç –±—Ä–æ–Ω–∏—Ä–æ–≤–∞—Ç—å –±–∏–ª–µ—Ç –±–µ–∑ –æ–ø–ª–∞—Ç—ã. –ó–Ω–∞–µ–º, —á—Ç–æ –ø–∞—Ä—Ç–Ω—ë—Ä—ã City.Travel –∏ Superkassa.ru –ø—Ä–µ–¥–æ—Å—Ç–∞–≤–ª—è—é—Ç —Ç–∞–∫—É—é —É—Å–ª—É–≥—É. –ï—Å–ª–∏ —É –≤–∞—Å –ø–æ–¥ —Ä—É–∫–æ–π –Ω–µ –æ–∫–∞–∑–∞–ª–æ—Å—å –±–∞–Ω–∫–æ–≤—Å–∫–æ–π –∫–∞—Ä—Ç—ã, –Ω–æ —Ö–æ—á–µ—Ç—Å—è –∑–∞—Ñ–∏–∫—Å–∏—Ä–æ–≤–∞—Ç—å –Ω–∏–∑–∫—É—é —Ü–µ–Ω—É –Ω–∞ –±–∏–ª–µ—Ç, –º–æ–∂–Ω–æ –∑–∞–±—Ä–æ–Ω–∏—Ä–æ–≤–∞—Ç—å –±–∏–ª–µ—Ç —É –Ω–∏—Ö.

City.Travel –û–±—ã—á–Ω–æ –¥–∞—ë—Ç –≤–æ–∑–º–æ–∂–Ω–æ—Å—Ç—å –æ–ø–ª–∞—Ç–∏—Ç—å –±—Ä–æ–Ω–∏—Ä–æ–≤–∞–Ω–∏–µ –¥–æ –∫–æ–Ω—Ü–∞ –¥–Ω—è. –ö–∞–∫ —Ç–æ–ª—å–∫–æ –≤—ã –∑–∞–ø–æ–ª–Ω–∏—Ç–µ –¥–∞–Ω–Ω—ã–µ –ø–∞—Å—Å–∞–∂–∏—Ä–∞, –≤–∞—Å –ø–µ—Ä–µ–Ω–∞–ø—Ä–∞–≤—è—Ç –Ω–∞ —Å—Ç—Ä–∞–Ω–∏—Ü—É –æ–ø–ª–∞—Ç—ã ‚Äî —Ç–∞–º –Ω–∞–ø–∏—Å–∞–Ω–æ, –¥–æ –∫–∞–∫–æ–≥–æ –≤—Ä–µ–º–µ–Ω–∏ –Ω—É–∂–Ω–æ –æ–ø–ª–∞—Ç–∏—Ç—å –∑–∞–∫–∞–∑. –¢–∞–∫–∂–µ City.Travel –æ—Ç–ø—Ä–∞–≤–∏—Ç –≤–∞–º –Ω–∞ –ø–æ—á—Ç—É –ø–∏—Å—å–º–æ —Å –∏–Ω—Ñ–æ—Ä–º–∞—Ü–∏–µ–π –æ–± –æ–ø–ª–∞—Ç–µ –±—Ä–æ–Ω–∏—Ä–æ–≤–∞–Ω–∏—è, –≤ –Ω—ë–º –±—É–¥–µ—Ç —Å—Å—ã–ª–∫–∞ –Ω–∞ –æ–ø–ª–∞—Ç—É.

Superkassa.ru –£ –∞–≥–µ–Ω—Ç—Å—Ç–≤–∞ –µ—Å—Ç—å —É—Å–ª—É–≥–∞ –ø–ª–∞—Ç–Ω–æ–≥–æ –±—Ä–æ–Ω–∏—Ä–æ–≤–∞–Ω–∏—è, –∫–æ—Ç–æ—Ä–∞—è –ø–æ–∑–≤–æ–ª—è–µ—Ç –∑–∞—Ñ–∏–∫—Å–∏—Ä–æ–≤–∞—Ç—å —Ü–µ–Ω—É –Ω–∞ –Ω–µ–∫–æ—Ç–æ—Ä–æ–µ –≤—Ä–µ–º—è. –ê–≥–µ–Ω—Ç—Å—Ç–≤–æ –ø—Ä–µ–¥—É–ø—Ä–µ–∂–¥–∞–µ—Ç, —á—Ç–æ –∞–≤–∏–∞–∫–æ–º–ø–∞–Ω–∏–∏ –º–æ–≥—É—Ç –∞–Ω–Ω—É–ª–∏—Ä–æ–≤–∞—Ç—å –±—Ä–æ–Ω—å –∏–ª–∏ –∏–∑–º–µ–Ω–∏—Ç—å –µ—ë —Å—Ç–æ–∏–º–æ—Å—Ç—å –ø–æ —Å–≤–æ–µ–º—É —É—Å–º–æ—Ç—Ä–µ–Ω–∏—é.

Mego.travel –î–∞—ë—Ç –¥–æ –¥–≤—É—Ö —á–∞—Å–æ–≤ –Ω–∞ –æ–ø–ª–∞—Ç—É –±—Ä–æ–Ω–∏—Ä–æ–≤–∞–Ω–∏—è. –¢–æ—á–Ω—ã–π —Å—Ä–æ–∫ –±—Ä–æ–Ω–∏ –∑–∞–≤–∏—Å–∏—Ç –æ—Ç –∞–≤–∏–∞–∫–æ–º–ø–∞–Ω–∏–∏, –∫–æ—Ç–æ—Ä–∞—è –±—É–¥–µ—Ç –≤—ã–ø–æ–ª–Ω—è—Ç—å —Ä–µ–π—Å. –ß–∏—Ç–∞–π—Ç–µ –æ–± —É—Å–ª—É–≥–µ –ø–æ–¥—Ä–æ–±–Ω–µ–µ –≤ —Å—Ç–∞—Ç—å–µ ¬´–ö–æ–≥–¥–∞ –Ω—É–∂–Ω–æ –æ–ø–ª–∞—Ç–∏—Ç—å –∑–∞–∫–∞–∑?¬ª."
–ù–µ –ø—Ä–∏—Ö–æ–¥–∏—Ç –°–ú–° —Å¬†–∫–æ–¥–æ–º –ø–æ–¥—Ç–≤–µ—Ä–∂–¥–µ–Ω–∏—è –ø–ª–∞—Ç–µ–∂–∞,"–û–±—Ä–∞—Ç–∏—Ç–µ—Å—å –≤¬†–ø–æ–¥–¥–µ—Ä–∂–∫—É –≤–∞—à–µ–≥–æ –±–∞–Ω–∫–∞. –ó–∞¬†–æ—Ç–ø—Ä–∞–≤–∫—É –∫–æ–¥–æ–≤ 3DSecure –æ—Ç–≤–µ—á–∞—é—Ç –±–∞–Ω–∫ –∏¬†–º–æ–±–∏–ª—å–Ω—ã–π –æ–ø–µ—Ä–∞—Ç–æ—Ä. –ï—Å–ª–∏ –Ω–∞¬†—Å—Ç–æ—Ä–æ–Ω–µ –±–∞–Ω–∫–∞ –≤—Å—ë –≤¬†–ø–æ—Ä—è–¥–∫–µ, —Ç–æ¬†–æ–Ω –æ—Ç–ø—Ä–∞–≤–∏—Ç –≤–∞—Å —Ä–µ—à–∞—Ç—å –ø—Ä–æ–±–ª–µ–º—É —Å¬†–æ–ø–µ—Ä–∞—Ç–æ—Ä–æ–º¬†‚Äî –≤–æ–∑–º–æ–∂–Ω–æ, –Ω–µ–ø–æ–ª–∞–¥–∫–∏ –≤–æ–∑–Ω–∏–∫–ª–∏ –∏–º–µ–Ω–Ω–æ –Ω–∞¬†–µ–≥–æ —Å—Ç–æ—Ä–æ–Ω–µ."
–ö–∞–∫ –≤—ã–±—Ä–∞—Ç—å —Å–ø–æ—Å–æ–± –æ–ø–ª–∞—Ç—ã,"–û–ø–ª–∞—Ç–∏—Ç—å –±–∏–ª–µ—Ç –Ω–∞¬†—Å–∞–π—Ç–∞—Ö –ø—Ä–æ–¥–∞–≤—Ü–æ–≤ –º–æ–∂–Ω–æ —Ä–∞–∑–Ω—ã–º–∏ —Å–ø–æ—Å–æ–±–∞–º–∏: –∫–∞—Ä—Ç–∞–º–∏ Visa, Mastercard, Maestro, –ú–ò–†, —á–µ—Ä–µ–∑ –Ø–Ω–¥–µ–∫—Å.–î–µ–Ω—å–≥–∏, –Ω–∞–ª–∏—á–Ω—ã–º–∏ –∏¬†–¥—Ä—É–≥–∏–µ. –°–ø–æ—Å–æ–± –æ–ø–ª–∞—Ç—ã –∑–∞–≤–∏—Å–∏—Ç –æ—Ç¬†–ø—Ä–æ–¥–∞–≤—Ü–∞ –∏¬†—Å—Ç—Ä–∞–Ω—ã, –≤¬†–∫–æ—Ç–æ—Ä–æ–π –≤—ã¬†–Ω–∞—Ö–æ–¥–∏—Ç–µ—Å—å. –í—ã–±—Ä–∞—Ç—å —É–¥–æ–±–Ω—ã–π —Å–ø–æ—Å–æ–± –º–æ–∂–Ω–æ –Ω–∞¬†—ç—Ç–∞–ø–µ –ø–æ–∏—Å–∫–∞ –±–∏–ª–µ—Ç–∞¬†‚Äî –ø—Ä–æ—Å—Ç–æ –≤–≤–µ–¥–∏—Ç–µ –Ω–∞–ø—Ä–∞–≤–ª–µ–Ω–∏—è, –¥–∞—Ç—ã –ø–µ—Ä–µ–ª—ë—Ç–∞ –∏¬†–∑–∞–ø—É—Å—Ç–∏—Ç–µ –ø–æ–∏—Å–∫. –ï—Å–ª–∏ –∏—â–µ—Ç–µ –Ω–∞¬†—Å–∞–π—Ç–µ, –ø—Ä–æ–ª–∏—Å—Ç–∞–π—Ç–µ –≤–Ω–∏–∑ —Å—Ç—Ä–∞–Ω–∏—Ü—ã¬†‚Äî —Å–ª–µ–≤–∞ –æ—Ç¬†—Ä–µ–∑—É–ª—å—Ç–∞—Ç–æ–≤ –≤—ã–¥–∞—á–∏ –µ—Å—Ç—å —Ñ–∏–ª—å—Ç—Ä ¬´–°–ø–æ—Å–æ–± –æ–ø–ª–∞—Ç—ã¬ª. –ï—Å–ª–∏ –∏—â–µ—Ç–µ –≤¬†–ø—Ä–∏–ª–æ–∂–µ–Ω–∏–∏, –Ω–∞–π–¥–∏—Ç–µ —Ç–æ—Ç –∂–µ¬†—Ñ–∏–ª—å—Ç—Ä —á–µ—Ä–µ–∑ –∫–Ω–æ–ø–∫—É ¬´–§–∏–ª—å—Ç—Ä—ã¬ª. –û—Ç–º–µ—Ç—å—Ç–µ –Ω—É–∂–Ω—ã–π —Å–ø–æ—Å–æ–± –æ–ø–ª–∞—Ç—ã –≥–∞–ª–æ—á–∫–æ–π, —á—Ç–æ–±—ã –≤–∏–¥–µ—Ç—å —Ç–æ–ª—å–∫–æ —Ç–µ¬†–±–∏–ª–µ—Ç—ã, –∫–æ—Ç–æ—Ä—ã–µ –º–æ–∂–Ω–æ –æ–ø–ª–∞—Ç–∏—Ç—å —É–¥–æ–±–Ω—ã–º –≤–∞–º —Å–ø–æ—Å–æ–±–æ–º.–ï—Å–ª–∏ –≤–∞–º –Ω—É–∂–Ω–∞ –ø–æ–º–æ—â—å, –Ω–∞–ø–∏—à–∏—Ç–µ –Ω–∞–º –≤¬†–æ–¥–∏–Ω –∏–∑¬†–∫–∞–Ω–∞–ª–æ–≤ —Å–≤—è–∑–∏ –≤–Ω–∏–∑—É —Å—Ç—Ä–∞–Ω–∏—Ü—ã. –ú—ã¬†–ø–æ–º–æ–∂–µ–º —Ä–∞–∑–æ–±—Ä–∞—Ç—å—Å—è."
"–ú–µ–Ω—è —É—Å—Ç—Ä–∞–∏–≤–∞–µ—Ç —Ü–µ–Ω–∞, –Ω–æ¬†—è –±–æ—é—Å—å –ø–ª–∞—Ç–∏—Ç—å –æ–Ω–ª–∞–π–Ω. –ú–æ–∂–Ω–æ —è¬†–ø—Ä–∏–¥—É –∫¬†–≤–∞–º –≤¬†–æ—Ñ–∏—Å –∏¬†–æ–ø–ª–∞—á—É?","–ö –Ω–∞–º –ø—Ä–∏–π—Ç–∏ –Ω–µ¬†–ø–æ–ª—É—á–∏—Ç—Å—è, —Ç–∞–∫ –∫–∞–∫ —É¬†–Ω–∞—Å –Ω–µ—Ç –∫–ª–∏–µ–Ω—Ç—Å–∫–∏—Ö –æ—Ñ–∏—Å–æ–≤.
–ù–æ¬†–Ω–µ –≤–æ–ª–Ω—É–π—Ç–µ—Å—å¬†‚Äî –≤—Å–µ –∞–≥–µ–Ω—Ç—Å—Ç–≤–∞ –∏¬†–∞–≤–∏–∞–∫–æ–º–ø–∞–Ω–∏–∏, –∫–æ—Ç–æ—Ä—ã–µ –ø—Ä–æ–¥–∞—é—Ç –±–∏–ª–µ—Ç—ã —á–µ—Ä–µ–∑ –ê–≤–∏–∞—Å–µ–π–ª—Å, –∏—Å–ø–æ–ª—å–∑—É—é—Ç –∑–∞—â–∏—â—ë–Ω–Ω—ã–µ –ø—Ä–æ—Ç–æ–∫–æ–ª—ã –¥–ª—è –æ–ø–ª–∞—Ç—ã –∫–∞—Ä—Ç–æ–π. –í–∞—à–∏ –¥–∞–Ω–Ω—ã–µ –Ω–∏–∫—Ç–æ –Ω–µ¬†—É–∫—Ä–∞–¥—ë—Ç –∏¬†–¥–µ–Ω—å–≥–∏ –Ω–µ¬†–ø–æ–ø–∞–¥—É—Ç –∫¬†–º–æ—à–µ–Ω–Ω–∏–∫–∞–º. –ü–æ–¥—Ä–æ–±–Ω–µ–µ –æ¬†—Ç–æ–º, –∫–∞–∫ –∏–º–µ–Ω–Ω–æ –º—ã¬†–ø—Ä–æ–≤–µ—Ä—è–µ–º –ø–∞—Ä—Ç–Ω—ë—Ä–æ–≤, —Ä–∞—Å—Å–∫–∞–∑–∞–ª–∏ –≤ –Ω–∞—à–µ–º –∂—É—Ä–Ω–∞–ª–µ –æ –ø—É—Ç–µ—à–µ—Å—Ç–≤–∏—è—Ö –ü–°–ñ–†.
–û–ø–ª–∞—á–∏–≤–∞—Ç—å –±–∏–ª–µ—Ç—ã —á–µ—Ä–µ–∑ –∏–Ω—Ç–µ—Ä–Ω–µ—Ç —Å–µ–π—á–∞—Å —Ç–∞–∫ –∂–µ¬†–±–µ–∑–æ–ø–∞—Å–Ω–æ, –∫–∞–∫ –∏¬†—Ä–∞—Å—Å—á–∏—Ç—ã–≤–∞—Ç—å—Å—è –Ω–∞–ª–∏—á–Ω—ã–º–∏. –ì–ª–∞–≤–Ω–æ–µ¬†‚Äî –Ω–µ¬†–Ω–∞–∑—ã–≤–∞–π—Ç–µ –ø–æ—Å—Ç–æ—Ä–æ–Ω–Ω–∏–º –¥–∞–Ω–Ω—ã–µ –≤–∞—à–µ–π –∫–∞—Ä—Ç—ã –∏¬†–∫–æ–¥—ã –∏–∑¬†–°–ú–°, –∞¬†–µ—â—ë –ø—Ä–æ–≤–µ—Ä—è–π—Ç–µ —Å—Å—ã–ª–∫–∏ —á–µ—Ä–µ–∑ —Å–µ—Ä–≤–∏—Å –Ω–∞—Å—Ç–æ—è—â–∏–π–±–∏–ª–µ—Ç.—Ä—Ñ, –∫–æ—Ç–æ—Ä—ã–π –º—ã¬†—Å–¥–µ–ª–∞–ª–∏ –≤–º–µ—Å—Ç–µ —Å¬†–†–æ—Å–∫–∞—á–µ—Å—Ç–≤–æ–º. –¢–∞–º –≤—ã¬†—Å–º–æ–∂–µ—Ç–µ –ø—Ä–æ–≤–µ—Ä–∏—Ç—å, –≤—Å—ë –ª–∏¬†–≤ –ø–æ—Ä—è–¥–∫–µ —Å¬†—Å–∞–π—Ç–æ–º, –Ω–∞¬†–∫–æ—Ç–æ—Ä–æ–º –≤—ã¬†–ø–ª–∞–Ω–∏—Ä—É–µ—Ç–µ –∫—É–ø–∏—Ç—å –±–∏–ª–µ—Ç."
–ù–µ –ø–æ–ª—É—á–∞–µ—Ç—Å—è –∑–∞–ø–æ–ª–Ω–∏—Ç—å —Å–≤–∏–¥–µ—Ç–µ–ª—å—Å—Ç–≤–æ –æ¬†—Ä–æ–∂–¥–µ–Ω–∏–∏,"–ü—Ä–æ–≤–µ—Ä—å—Ç–µ –ø—Ä–∞–≤–∏–ª–∞ –Ω–∞¬†—Å–∞–π—Ç–µ –ø—Ä–æ–¥–∞–≤—Ü–∞
–ï—Å—Ç—å –¥–≤–∞ —Å–ø–æ—Å–æ–±–∞ –≤–≤–µ—Å—Ç–∏ –¥–∞–Ω–Ω—ã–µ –∏–∑¬†—Å–≤–∏–¥–µ—Ç–µ–ª—å—Å—Ç–≤–∞ –æ¬†—Ä–æ–∂–¥–µ–Ω–∏–∏ 
‚Ä¢ –í—Å–µ –±—É–∫–≤—ã —Å–µ—Ä–∏–∏ —É–∫–∞–∑—ã–≤–∞–µ—Ç–µ –ª–∞—Ç–∏–Ω—Å–∫–∏–º–∏ –±—É–∫–≤–∞–º–∏, –∞ —Ä–∏–º—Å–∫–∏–µ —Ü–∏—Ñ—Ä—ã –≤–Ω–æ—Å–∏—Ç–µ –∫–∞–∫ –µ—Å—Ç—å. –ù–∞–ø—Ä–∏–º–µ—Ä, –µ—Å–ª–∏ –≤¬†—Å–≤–∏–¥–µ—Ç–µ–ª—å—Å—Ç–≤–µ –æ —Ä–æ–∂–¥–µ–Ω–∏–∏ –Ω–æ–º–µ—Ä I-BA 685635, —Ç–æ —É–∫–∞–∑—ã–≤–∞—Ç—å –µ–≥–æ —Å–ª–µ–¥—É–µ—Ç —Ç–∞–∫ ‚Äî IVA685635, –≥–¥–µ –±—É–∫–≤—ã BA ‚Äî –ª–∞—Ç–∏–Ω—Å–∫–∏–µ.
‚Ä¢ –í–≤–æ–¥–∏—Ç–µ –≤ —Ç–æ—á–Ω–æ—Å—Ç–∏, –∫–∞–∫ –≤ –¥–æ–∫—É–º–µ–Ω—Ç–µ, –Ω–æ —Ç–æ–ª—å–∫–æ –±—É–∫–≤—ã –∏ —Ü–∏—Ñ—Ä—ã. –ù–∞–ø—Ä–∏–º–µ—Ä, I-–í–ê 685635 –≤–≤–æ–¥–∏—Ç–µ –∫–∞–∫ I–í–ê685635, –≥–¥–µ –±—É–∫–≤—ã –í–ê ‚Äî –Ω–∞¬†–∫–∏—Ä–∏–ª–ª–∏—Ü–µ. 
–û–±—ã—á–Ω–æ –Ω–∞¬†—Å–∞–π—Ç–µ –±–∏–ª–µ—Ç–Ω–æ–≥–æ –∞–≥–µ–Ω—Ç—Å—Ç–≤–∞ –∏–ª–∏ –∞–≤–∏–∞–∫–æ–º–ø–∞–Ω–∏–∏ –µ—Å—Ç—å –≤—Å–ø–ª—ã–≤–∞—é—â–∞—è –ø–æ–¥—Å–∫–∞–∑–∫–∞ —Å¬†–ø—Ä–∞–≤–∏–ª—å–Ω—ã–º –Ω–∞–ø–∏—Å–∞–Ω–∏–µ–º. –í—Å—ë —Ä–∞–≤–Ω–æ –Ω–µ¬†–ø–æ–ª—É—á–∞–µ—Ç—Å—è? –û–±—Ä–∞—Ç–∏—Ç–µ—Å—å –∫¬†–ø—Ä–æ–¥–∞–≤—Ü—É –∏¬†—É—Ç–æ—á–Ω–∏—Ç–µ, –∫–∞–∫ –ø—Ä–∞–≤–∏–ª—å–Ω–æ –≤–≤–æ–¥–∏—Ç—å —Å–µ—Ä–∏—é –∏¬†–Ω–æ–º–µ—Ä —Å–≤–∏–¥–µ—Ç–µ–ª—å—Å—Ç–≤–∞ –æ¬†—Ä–æ–∂–¥–µ–Ω–∏–∏ —É¬†–Ω–∏—Ö –Ω–∞¬†—Å–∞–π—Ç–µ. "
–ö–∞–∫ –æ–ø–ª–∞—Ç–∏—Ç—å –±–∏–ª–µ—Ç –∏–Ω–æ—Å—Ç—Ä–∞–Ω–Ω–æ–π –∫–∞—Ä—Ç–æ–π,"–ò—Å–ø–æ–ª—å–∑—É–π—Ç–µ –≤–µ—Ä—Å–∏—é —Å–∞–π—Ç–∞ –¥–ª—è –∑–∞—Ä—É–±–µ–∂–Ω—ã—Ö –ø–æ–ª—å–∑–æ–≤–∞—Ç–µ–ª–µ–π.–≠—Ç–æ —Ä–∞–±–æ—Ç–∞–µ—Ç —Ç–∞–∫: –µ—Å–ª–∏ —É¬†–≤–∞—Å –∫–∞—Ä—Ç–∞ –∫–∞–∑–∞—Ö—Å—Ç–∞–Ω—Å–∫–æ–≥–æ –±–∞–Ω–∫–∞, –Ω—É–∂–Ω–æ –∑–∞–π—Ç–∏ –Ω–∞¬†—Å–∞–π—Ç —Å¬†–¥–æ–º–µ–Ω–æ–º kz¬†‚Äî aviasales.kz. –ï—Å–ª–∏ –∞–∑–µ—Ä–±–∞–π–¥–∂–∞–Ω—Å–∫–æ–≥–æ¬†‚Äî –∑–∞—Ö–æ–¥–∏—Ç–µ –Ω–∞¬†aviasales.az –∏¬†—Ç–∞–∫ –¥–∞–ª–µ–µ. –ï—Å–ª–∏ –¥–æ–º–µ–Ω–∞ –≤–∞—à–µ–π —Å—Ç—Ä–∞–Ω—ã –Ω–∞¬†–ê–≤–∏–∞—Å–µ–π–ª—Å –Ω–µ—Ç, –∏—Å–ø–æ–ª—å–∑—É–π—Ç–µ aviasales.com. –ù–∞¬†–Ω—ë–º –ø—Ä–∏–Ω–∏–º–∞—é—Ç –±–æ–ª—å—à–∏–Ω—Å—Ç–≤–æ –º–µ–∂–¥—É–Ω–∞—Ä–æ–¥–Ω—ã—Ö –∫–∞—Ä—Ç. –î–ª—è –ø–æ–∫—É–ø–∫–∏ –º—ã¬†–ø–µ—Ä–µ–≤–µ–¥—ë–º –≤–∞—Å –Ω–∞¬†—Å–∞–π—Ç—ã –∏–Ω–æ—Å—Ç—Ä–∞–Ω–Ω—ã—Ö –±–∏–ª–µ—Ç–Ω—ã—Ö –∞–≥–µ–Ω—Ç—Å—Ç–≤."
–ö–∞–∫–∏–µ –µ—Å—Ç—å –≤–µ—Ä—Å–∏–∏ –∞–≤–∏–∞—Å–µ–π–ª—Å –¥–ª—è –¥—Ä—É–≥–∏—Ö —Å—Ç—Ä–∞–Ω?,"–í–µ—Ä—Å–∏–∏ —Å–∞–π—Ç–∞ –ê–≤–∏–∞—Å–µ–π–ª—Å –¥–ª—è –¥—Ä—É–≥–∏—Ö —Å—Ç—Ä–∞–Ω: 
aviasales.com
aviasales.uz
aviasales.ua
aviasales.by
aviasales.ge
aviasales.az
aviasales.kz
aviasales.kg
aviasales.tj"
–ö–∞–∫ —Å–≤—è–∑–∞—Ç—å—Å—è —Å –ø—Ä–æ–¥–∞–≤—Ü–æ–º –±–∏–ª–µ—Ç–∞,"–í–≤–µ–¥–∏—Ç–µ –Ω–∞–∑–≤–∞–Ω–∏–µ –∞–≤–∏–∞–∫–æ–º–ø–∞–Ω–∏–∏ –∏–ª–∏ –∞–≥–µ–Ω—Ç—Å—Ç–≤–∞, —á—Ç–æ–±—ã —É–≤–∏–¥–µ—Ç—å –∫–æ–Ω—Ç–∞–∫—Ç—ã –¥–ª—è —Å–≤—è–∑–∏ –ê –µ—Å–ª–∏ –≤—ã –ø–ª–∞–Ω–∏—Ä—É–µ—Ç–µ –ø–æ–∫—É–ø–∞—Ç—å –±–∏–ª–µ—Ç –Ω–∞–ø—Ä—è–º—É—é —É –ê–≤–∏–∞—Å–µ–π–ª—Å, –ø–∏—à–∏—Ç–µ –≤ –Ω–∞—à—É –ø–æ–¥–¥–µ—Ä–∂–∫—É ‚Äî –ø–æ–º–æ–∂–µ–º —Å –∑–∞–ø–æ–ª–Ω–µ–Ω–∏–µ–º –¥–∞–Ω–Ω—ã—Ö."
–ü–æ—á–µ–º—É –æ–ø–ª–∞—Ç–∞ –Ω–µ –ø—Ä–æ—Ö–æ–¥–∏—Ç,"–ò–Ω–æ–≥–¥–∞ –ø—Ä–æ–¥–∞–≤–µ—Ü –æ—Ç–∫–ª–æ–Ω—è–µ—Ç –æ–ø–ª–∞—Ç—É, –µ—Å–ª–∏ –∫–∞—Ä—Ç–∞ –≤—ã–ø—É—â–µ–Ω–∞ –≤ –æ–¥–Ω–æ–π —Å—Ç—Ä–∞–Ω–µ, –∞ –æ–ø–ª–∞—Ç–∞ —Å–æ–≤–µ—Ä—à–∞–µ—Ç—Å—è –∏–∑ –¥—Ä—É–≥–æ–π. –≠—Ç–æ –ø—Ä–æ–∏—Å—Ö–æ–¥–∏—Ç –∏–∑‚Äë–∑–∞ –∞–Ω—Ç–∏—Ñ—Ä–æ–¥–∞ ‚Äî —Å–ø–µ—Ü–∏–∞–ª—å–Ω–æ–π —Å–∏—Å—Ç–µ–º—ã, –∫–æ—Ç–æ—Ä–∞—è —Å–ª–µ–¥–∏—Ç –∑–∞ –ø–æ–¥–æ–∑—Ä–∏—Ç–µ–ª—å–Ω—ã–º–∏ —Ç—Ä–∞–Ω–∑–∞–∫—Ü–∏—è–º–∏ –∏ –≤—ã—è–≤–ª—è–µ—Ç –ø–æ—Ç–µ–Ω—Ü–∏–∞–ª—å–Ω–æ –º–æ—à–µ–Ω–Ω–∏—á–µ—Å–∫–∏–µ.–ï—Å–ª–∏ –≤–∞—à—É –±–∞–Ω–∫–æ–≤—Å–∫—É—é —Ç—Ä–∞–Ω–∑–∞–∫—Ü–∏—é –ø–æ—Å—á–∏—Ç–∞—é—Ç –ø–æ–¥–æ–∑—Ä–∏—Ç–µ–ª—å–Ω–æ–π, –ø—Ä–æ–¥–∞–≤–µ—Ü —Å–≤—è–∂–µ—Ç—Å—è —Å –≤–∞–º–∏ –∏ –ø–æ–ø—Ä–æ—Å–∏—Ç –¥–æ–∫—É–º–µ–Ω—Ç—ã, –ø–æ–¥—Ç–≤–µ—Ä–∂–¥–∞—é—â–∏–µ, —á—Ç–æ –±–∏–ª–µ—Ç –æ–ø–ª–∞—á–∏–≤–∞–µ—Ç–µ –≤—ã, –∞ –Ω–µ –º–æ—à–µ–Ω–Ω–∏–∫–∏. –ü–æ—Å–ª–µ –ø—Ä–æ–≤–µ—Ä–∫–∏ –ø—Ä–æ–¥–∞–≤–µ—Ü –æ–¥–æ–±—Ä–∏—Ç –æ–ø–ª–∞—Ç—É –∏ –≤—ã—à–ª–µ—Ç –±–∏–ª–µ—Ç, –µ—Å–ª–∏ –≤—Å—ë –≤ –ø–æ—Ä—è–¥–∫–µ. –ï—Å–ª–∏ –Ω–µ—Ç ‚Äî –∑–∞–∫–∞–∑ –∞–Ω–Ω—É–ª–∏—Ä—É—é—Ç, –∞ –¥–µ–Ω—å–≥–∏ –≤–µ—Ä–Ω—É—Ç –≤–∞–º –Ω–∞ —Å—á—ë—Ç."
–ö–∞–∫ —É—Å—Ç—Ä–æ–∏—Ç—å—Å—è –∫ –≤–∞–º –Ω–∞ —Ä–∞–±–æ—Ç—É?,–ù–∞–π–¥–∏—Ç–µ –ø–æ–¥—Ö–æ–¥—è—â—É—é –≤–∞–∫–∞–Ω—Å–∏—é –Ω–∞¬†–Ω–∞—à–µ–º —Å—É–ø–µ—Ä—Å–∞–π—Ç–µ –∏¬†–æ—Ç–ø—Ä–∞–≤—å—Ç–µ —Ä–µ–∑—é–º–µ (–Ω–æ —Ç–æ–ª—å–∫–æ –µ—Å–ª–∏ –ª—é–±–∏—Ç–µ –∫–æ—Ç–æ–≤—Ç–æ—Ä–Ω–∏–∫–∏ –∏¬†–≥–æ—Ç–æ–≤—ã –µ—Å—Ç—å –≤–æ–¥—É!) https://www.aviasales.ru/about/vacancies
–ö–∞–∫ —Å –≤–∞–º–∏ —Å–æ—Ç—Ä—É–¥–Ω–∏—á–∞—Ç—å?,"–õ–µ–≥–∫–æ –∏ –ø—Ä–∏—è—Ç–Ω–æ! –ü–∏—à–∏—Ç–µ –Ω–∞–º —Å–æ —Å–≤–æ–∏–º–∏ –∏–¥–µ—è–º–∏ –∏ –ø—Ä–µ–¥–ª–æ–∂–µ–Ω–∏—è–º–∏: https://www.aviasales.ru/about/contacts. –ê –µ—â—ë —É –Ω–∞—Å –µ—Å—Ç—å —Å–≤–æ–π –∂—É—Ä–Ω–∞–ª –ü–°–ñ–†, –≤ –∫–æ—Ç–æ—Ä–æ–º –º—ã —Ä–∞—Å—Å–∫–∞–∑—ã–≤–∞–µ–º –≤—Å—ë –æ –ø—É—Ç–µ—à–µ—Å—Ç–≤–∏—è—Ö. –û–±—è–∑–∞—Ç–µ–ª—å–Ω–æ –ø–æ—á–∏—Ç–∞–π—Ç–µ –∏ –¥—Ä—É–∑—å—è–º –ø–æ–∫–∞–∂–∏—Ç–µ."
–ö–∞–∫ –∑–∞–∫–∞–∑–∞—Ç—å —É –≤–∞—Å —Ä–µ–∫–ª–∞–º—É?,"–í–æ—Ç –∑–¥–µ—Å—å –≤—Å—è –ø–æ–¥—Ä–æ–±–Ω–∞—è –∏–Ω—Ñ–æ—Ä–º–∞—Ü–∏—è, –ø—Ä–∞–π—Å‚Äë–ª–∏—Å—Ç –∏ –∫–æ–Ω—Ç–∞–∫—Ç—ã: https://ad.aviasales.ru/"
–ï—Å—Ç—å –ª–∏ —É –≤–∞—Å –ø–∞—Ä—Ç–Ω—ë—Ä—Å–∫–∞—è –ø—Ä–æ–≥—Ä–∞–º–º–∞?,"–î–∞, –∏ –æ—á–µ–Ω—å –∫–ª–∞—Å—Å–Ω–∞—è ‚Äî –Ω–∞–ø–∏—Å–∞–ª–∏ –æ –Ω–µ–π —Ç—É—Ç: https://www.travelpayouts.com/ru/"
–ö–∞–∫ –≤–∞–º –ø–æ–∑–≤–æ–Ω–∏—Ç—å,"–£ –Ω–∞—Å –Ω–µ—Ç –≥–æ—Ä—è—á–µ–π –ª–∏–Ω–∏–∏, –ø–æ—ç—Ç–æ–º—É –ø–æ–∑–≤–æ–Ω–∏—Ç—å –Ω–∞–º –Ω–µ¬†–ø–æ–ª—É—á–∏—Ç—Å—è. –ù–æ¬†–º—ã –æ–ø–µ—Ä–∞—Ç–∏–≤–Ω–æ –æ—Ç–≤–µ—á–∞–µ–º –≤¬†—Å–æ—Ü—Å–µ—Ç—è—Ö (–í–ö–æ–Ω—Ç–∞–∫—Ç–µ, –¢–≤–∏—Ç—Ç–µ—Ä, –û–¥–Ω–æ–∫–ª–∞—Å—Å–Ω–∏–∫–∏).–ï—Å–ª–∏ –≤–∞–º –Ω—É–∂–Ω–∞ –ø–æ–º–æ—â—å, –Ω–∞–ø–∏—à–∏—Ç–µ –Ω–∞–º –≤¬†–æ–¥–∏–Ω –∏–∑¬†–∫–∞–Ω–∞–ª–æ–≤ —Å–≤—è–∑–∏ –≤–Ω–∏–∑—É —Å—Ç—Ä–∞–Ω–∏—Ü—ã. –û–ø–∏—à–∏—Ç–µ —Å–∏—Ç—É–∞—Ü–∏—é¬†‚Äî –º—ã¬†–ø–æ–º–æ–∂–µ–º —Ä–∞–∑–æ–±—Ä–∞—Ç—å—Å—è."
–ö–∞–∫ —Ä–∞–±–æ—Ç–∞–µ—Ç –ê–≤–∏–∞—Å–µ–π–ª—Å,"–ê–≤–∏–∞—Å–µ–π–ª—Å¬†‚Äî —ç—Ç–æ —Å–µ—Ä–≤–∏—Å –¥–ª—è –ø–æ–∏—Å–∫–∞ –∏¬†–ø–æ–∫—É–ø–∫–∏ –¥–µ—à—ë–≤—ã—Ö –∞–≤–∏–∞–±–∏–ª–µ—Ç–æ–≤, –∫–æ—Ç–æ—Ä—ã–π —Ä–∞–±–æ—Ç–∞–µ—Ç –∞–∂¬†—Å 2007 –≥–æ–¥–∞ (—Å–∞–º–∏ –≤¬†—à–æ–∫–µ). –ö–∞–∂–¥—ã–π –º–µ—Å—è—Ü –Ω–∞–º –¥–æ–≤–µ—Ä—è—é—Ç 18¬†–º–∏–ª–ª–∏–æ–Ω–æ–≤ —á–µ–ª–æ–≤–µ–∫, –ø–æ—Ç–æ–º—É —á—Ç–æ –Ω–∞¬†–ê–≤–∏–∞—Å–µ–π–ª—Å –ª–µ–≥–∫–æ —Å—Ä–∞–≤–Ω–∏—Ç—å —Ü–µ–Ω—ã –∏¬†–Ω–∞–π—Ç–∏ —Ç–æ—Ç —Å–∞–º—ã–π –∏–¥–µ–∞–ª—å–Ω—ã–π –±–∏–ª–µ—Ç.¬†–í–æ—Ç –∫–∞–∫ —ç—Ç–æ —Ä–∞–±–æ—Ç–∞–µ—Ç:¬†1. –í—ã¬†–∑–∞—Ö–æ–¥–∏—Ç–µ –≤¬†–ø—Ä–∏–ª–æ–∂–µ–Ω–∏–µ –∏–ª–∏ –Ω–∞¬†—Å–∞–π—Ç, –≤–±–∏–≤–∞–µ—Ç–µ –Ω–∞–ø—Ä–∞–≤–ª–µ–Ω–∏–µ –∏¬†–¥–∞—Ç—ã, –∞¬†–º—ã –∏—â–µ–º –ø–æ–¥—Ö–æ–¥—è—â–∏–µ –±–∏–ª–µ—Ç—ã —É¬†—Ä–∞–∑–Ω—ã—Ö –∞–≤–∏–∞–∫–æ–º–ø–∞–Ω–∏–π –∏¬†–∞–≥–µ–Ω—Ç—Å—Ç–≤.¬†2. –í—ã¬†–Ω–∞—Ö–æ–¥–∏—Ç–µ —Å–≤–æ–π –∏–¥–µ–∞–ª—å–Ω—ã–π –±–∏–ª–µ—Ç, –∞¬†–º—ã –ø–µ—Ä–µ–Ω–∞–ø—Ä–∞–≤–ª—è–µ–º –≤–∞—Å –Ω–∞¬†—Å–∞–π—Ç –ø—Ä–æ–¥–∞–≤—Ü–∞¬†‚Äî —Ç–∞–º –≤—ã¬†–∑–∞–ø–æ–ª–Ω—è–µ—Ç–µ –¥–∞–Ω–Ω—ã–µ –ø–∞—Å—Å–∞–∂–∏—Ä–æ–≤ –∏¬†–ø–æ–∫—É–ø–∞–µ—Ç–µ –±–∏–ª–µ—Ç. –ù–µ–∫–æ—Ç–æ—Ä—ã–µ –±–∏–ª–µ—Ç—ã –º–æ–∂–Ω–æ –∫—É–ø–∏—Ç—å –ø—Ä—è–º–æ –≤¬†–∑–Ω–∞–∫–æ–º–æ–º –∏–Ω—Ç–µ—Ä—Ñ–µ–π—Å–µ –ê–≤–∏–∞—Å–µ–π–ª—Å, –Ω–æ¬†–ø—Ä–æ–¥–∞—é—Ç –∏—Ö¬†–≤—Å—ë —Ä–∞–≤–Ω–æ –∞–≥–µ–Ω—Ç—Å—Ç–≤–∞ –∏¬†–∞–≤–∏–∞–∫–æ–º–ø–∞–Ω–∏–∏ (–æ–Ω–∏ –∂–µ¬†–ø–æ–º–æ–≥–∞—é—Ç –æ—Ñ–æ—Ä–º–∏—Ç—å –æ–±–º–µ–Ω –∏–ª–∏ –≤–æ–∑–≤—Ä–∞—Ç). –ê¬†–µ—Å—Ç—å –±–∏–ª–µ—Ç—ã, –∫–æ—Ç–æ—Ä—ã–µ –ø—Ä–æ–¥–∞—ë—Ç –∏–º–µ–Ω–Ω–æ –ê–≤–∏–∞—Å–µ–π–ª—Å,¬†‚Äî –≤—ã¬†—É–∑–Ω–∞–µ—Ç–µ –∏—Ö¬†–ø–æ –Ω–∞—à–µ–º—É –ª–æ–≥–æ—Ç–∏–ø—É. –í—Å–µ –Ω–∞—à–∏ –ø–∞—Ä—Ç–Ω—ë—Ä—ã¬†‚Äî –∞–≥–µ–Ω—Ç—Å—Ç–≤–∞ –∏¬†–∞–≤–∏–∞–∫–æ–º–ø–∞–Ω–∏–∏¬†‚Äî –ø—Ä–æ—Ö–æ–¥—è—Ç –æ—Å–æ–±—É—é –ø—Ä–æ–≤–µ—Ä–∫—É: —é—Ä–∏–¥–∏—á–µ—Å–∫—É—é, —Ñ–∏–Ω–∞–Ω—Å–æ–≤—É—é –∏¬†—Ç–µ—Ö–Ω–æ–ª–æ–≥–∏—á–µ—Å–∫—É—é. –ú—ã¬†–Ω–µ —Å–æ—Ç—Ä—É–¥–Ω–∏—á–∞–µ–º —Å¬†–Ω–µ–ø—Ä–æ–≤–µ—Ä–µ–Ω–Ω—ã–º–∏ –∫–æ–º–ø–∞–Ω–∏—è–º–∏ –∏¬†—Å–æ–≤–µ—Ä—à–µ–Ω–Ω–æ —Ç–æ—á–Ω–æ –Ω–µ¬†–∏–º–µ–µ–º –¥–µ–ª —Å¬†–º–æ—à–µ–Ω–Ω–∏–∫–∞–º–∏.¬†–£–∑–Ω–∞—Ç—å –æ–± –ê–≤–∏–∞—Å–µ–π–ª—Å –ø–æ–¥—Ä–æ–±–Ω–µ–µ.¬†–ê–≤–∏–∞—Å–µ–π–ª—Å –æ—Ç–æ–±—Ä–∞–∂–∞–µ—Ç —Ü–µ–Ω—ã, –∫–æ—Ç–æ—Ä—ã–µ –ø—Ä–∏—Å—ã–ª–∞—é—Ç –∞–≤–∏–∞–∫–æ–º–ø–∞–Ω–∏–∏ –∏¬†–∞–≥–µ–Ω—Ç—Å—Ç–≤–∞. –ù–∞–π—Ç–∏ –∫—É–ø–ª–µ–Ω–Ω—ã–π –±–∏–ª–µ—Ç, –∑–∞–ø—Ä–æ—Å–∏—Ç—å –æ–±–º–µ–Ω/–≤–æ–∑–≤—Ä–∞—Ç –º–æ–∂–Ω–æ –≤¬†–ª–∏—á–Ω–æ–º –∫–∞–±–∏–Ω–µ—Ç–µ –Ω–∞¬†—Å–∞–π—Ç–µ –ø—Ä–æ–¥–∞–≤—Ü–∞, –∞¬†–µ—Å–ª–∏ –≤—ã¬†–ø–æ–∫—É–ø–∞–ª–∏ –±–∏–ª–µ—Ç –Ω–∞–ø—Ä—è–º—É—é —É¬†–ê–≤–∏–∞—Å–µ–π–ª—Å, ¬†‚Äî —Å–æ¬†–≤—Å–µ–º —Ä–∞–∑–±–µ—Ä—ë–º—Å—è."
–ü–µ—Ä–µ–ª—ë—Ç—ã —Å¬†–¥–µ—Ç—å–º–∏,"–ü–æ–∫—É–ø–∫–∞ –¥–µ—Ç—Å–∫–æ–≥–æ –±–∏–ª–µ—Ç–∞ –Ω–∞ Aviasales - —ç—Ç–æ –ø—Ä–æ—Å—Ç–æ! –í—ã–±–µ—Ä–∏—Ç–µ –∫–∞—Ç–µ–≥–æ—Ä–∏—é –ø–∞—Å—Å–∞–∂–∏—Ä–∞ –Ω–∞ –≥–ª–∞–≤–Ω–æ–π —Å—Ç—Ä–∞–Ω–∏—Ü–µ, –∫–æ–≥–¥–∞ —É–∫–∞–∑—ã–≤–∞–µ—Ç–µ –Ω–∞–ø—Ä–∞–≤–ª–µ–Ω–∏–µ –∏ –¥–∞—Ç—ã. –î–µ—Ç–∏ –¥–æ 2 –ª–µ—Ç –º–æ–≥—É—Ç –ª–µ—Ç–µ—Ç—å —Å–æ —Å–∫–∏–¥–∫–æ–π –∏–ª–∏ –¥–∞–∂–µ –±–µ—Å–ø–ª–∞—Ç–Ω–æ, –Ω–æ –±–µ–∑ –æ—Ç–¥–µ–ª—å–Ω–æ–≥–æ –º–µ—Å—Ç–∞. –î–µ—Ç—è–º –æ—Ç 2 –¥–æ 12 –ª–µ—Ç –ø—Ä–µ–¥–æ—Å—Ç–∞–≤–ª—è–µ—Ç—Å—è —Å–∫–∏–¥–∫–∞ –∏ –æ—Ç–¥–µ–ª—å–Ω–æ–µ –º–µ—Å—Ç–æ. –ù–µ –∑–∞–±—É–¥—å—Ç–µ, —á—Ç–æ –∫—É–ø–∏—Ç—å –±–∏–ª–µ—Ç –Ω–∞ —Ä–µ–±—ë–Ω–∫–∞ –º–æ–∂–Ω–æ —Ç–æ–ª—å–∫–æ –≤–º–µ—Å—Ç–µ —Å –≤–∑—Ä–æ—Å–ª—ã–º."
–ü—Ä–æ–≤–æ–∑ –ø–∏—Ç–æ–º—Ü–µ–≤,"–ü–µ—Ä–µ–≤–æ–∑–∫–∞ –ø–∏—Ç–æ–º—Ü–µ–≤ –≤ —Å–∞–º–æ–ª—ë—Ç–µ –≤–æ–∑–º–æ–∂–Ω–∞ –¥–≤—É–º—è —Å–ø–æ—Å–æ–±–∞–º–∏: –≤ —Å–∞–ª–æ–Ω–µ –∏–ª–∏ –≤ –±–∞–≥–∞–∂–µ. –ß—Ç–æ–±—ã –≤–∑—è—Ç—å –ø–∏—Ç–æ–º—Ü–∞ –≤ —Å–∞–ª–æ–Ω, –µ–≥–æ –≤–µ—Å –≤–º–µ—Å—Ç–µ —Å –ø–µ—Ä–µ–Ω–æ—Å–∫–æ–π –æ–±—ã—á–Ω–æ –Ω–µ –¥–æ–ª–∂–µ–Ω –ø—Ä–µ–≤—ã—à–∞—Ç—å 8 –∫–≥ (—É –Ω–µ–∫–æ—Ç–æ—Ä—ã—Ö –∞–≤–∏–∞–∫–æ–º–ø–∞–Ω–∏–π –µ—Å—Ç—å –¥—Ä—É–≥–∏–µ –æ–≥—Ä–∞–Ω–∏—á–µ–Ω–∏—è). –ü–µ—Ä–µ–Ω–æ—Å–∫–∞ –¥–æ–ª–∂–Ω–∞ –ø–æ–º–µ—â–∞—Ç—å—Å—è –ø–æ–¥ —Å–∏–¥–µ–Ω—å–µ. –î–ª—è –ø—É—Ç–µ—à–µ—Å—Ç–≤–∏–π –ø–æ –†–æ—Å—Å–∏–∏ –Ω—É–∂–µ–Ω –≤–µ—Ç–ø–∞—Å–ø–æ—Ä—Ç —Å –ø—Ä–∏–≤–∏–≤–∫–∞–º–∏. –î–ª—è –º–µ–∂–¥—É–Ω–∞—Ä–æ–¥–Ω—ã—Ö –ø–µ—Ä–µ–ª—ë—Ç–æ–≤ –º–æ–≥—É—Ç –ø–æ–Ω–∞–¥–æ–±–∏—Ç—å—Å—è –¥–æ–ø–æ–ª–Ω–∏—Ç–µ–ª—å–Ω—ã–µ –¥–æ–∫—É–º–µ–Ω—Ç—ã, –∫–∞–∫ —Å–ø—Ä–∞–≤–∫–∞ –æ –∑–¥–æ—Ä–æ–≤—å–µ –∏ —á–∏–ø. –í—Å–µ–≥–¥–∞ —É—Ç–æ—á–Ω—è–π—Ç–µ –ø—Ä–∞–≤–∏–ª–∞ —É –∞–≤–∏–∞–∫–æ–º–ø–∞–Ω–∏–∏ –ø–µ—Ä–µ–¥ –ø–æ–∫—É–ø–∫–æ–π –±–∏–ª–µ—Ç–∞."
–ü—Ä–æ –±–∞–≥–∞–∂,"–ï—Å–ª–∏ —É —Ç–µ–±—è –≤–æ–ø—Ä–æ—Å—ã –ø–æ –ø—Ä–æ–≤–æ–∑—É —Ä—É—á–Ω–æ–π –∫–ª–∞–¥–∏, —Ç–æ –≤–æ—Ç –Ω–µ—Å–∫–æ–ª—å–∫–æ –ø–æ–ª–µ–∑–Ω—ã—Ö –º–æ–º–µ–Ω—Ç–æ–≤:
–ì–¥–µ –ø–æ—Å–º–æ—Ç—Ä–µ—Ç—å –ø—Ä–∞–≤–∏–ª–∞: –í –º–∞—Ä—à—Ä—É—Ç–Ω–æ–π –∫–≤–∏—Ç–∞–Ω—Ü–∏–∏ –∏–ª–∏ –Ω–∞ —Å–∞–π—Ç–µ –∞–≤–∏–∞–∫–æ–º–ø–∞–Ω–∏–∏. –¢–∞–º —É–∫–∞–∑–∞–Ω—ã –≥–∞–±–∞—Ä–∏—Ç—ã –∏ –≤–µ—Å —Ä—É—á–Ω–æ–π –∫–ª–∞–¥–∏.
–ß—Ç–æ –Ω–µ–ª—å–∑—è –ø—Ä–æ–≤–æ–∑–∏—Ç—å: –ê—ç—Ä–æ–∑–æ–ª–∏ —Å –º–∞—Ä–∫–∏—Ä–æ–≤–∫–æ–π ¬´–æ–≥–Ω–µ–æ–ø–∞—Å–Ω–æ¬ª, —Å–ø–æ—Ä—Ç–∏–≤–Ω–æ–µ –æ–±–æ—Ä—É–¥–æ–≤–∞–Ω–∏–µ –∏ –∂–∏–¥–∫–æ—Å—Ç–∏ –±–æ–ª—å—à–µ 100 –º–ª (–∫—Ä–æ–º–µ –¥—å—é—Ç–∏-—Ñ—Ä–∏)
–î—Ä—É–≥–∏–µ –æ–≥—Ä–∞–Ω–∏—á–µ–Ω–∏—è: –û–±—â–∏–π –æ–±—ä—ë–º –∂–∏–¥–∫–æ—Å—Ç–µ–π ‚Äî –Ω–µ –±–æ–ª–µ–µ 1 –ª–∏—Ç—Ä–∞, –∫–∞–∂–¥—ã–π —Ñ–ª–∞–∫–æ–Ω—á–∏–∫ ‚Äî –¥–æ 100 –º–ª. –î–µ—Ç—Å–∫–æ–µ –ø–∏—Ç–∞–Ω–∏–µ ‚Äî –∏—Å–∫–ª—é—á–µ–Ω–∏–µ.
–ï—Å–ª–∏ –µ—Å—Ç—å —Å–æ–º–Ω–µ–Ω–∏—è, –ª—É—á—à–µ –ø—Ä–æ–∫–æ–Ω—Å—É–ª—å—Ç–∏—Ä–æ–≤–∞—Ç—å—Å—è —Å –∞–≤–∏–∞–∫–æ–º–ø–∞–Ω–∏–µ–π. 
"
–ò–∑–º–µ–Ω–µ–Ω–∏–µ –ø–∞—Å–ø–æ—Ä—Ç–Ω—ã—Ö –¥–∞–Ω–Ω—ã—Ö,"–ï—Å–ª–∏ —Ç—ã –º–µ–Ω—è–µ—à—å –ø–∞—Å–ø–æ—Ä—Ç, –≤–æ—Ç —á—Ç–æ –Ω—É–∂–Ω–æ –∑–Ω–∞—Ç—å:
–§–ò–û –æ—Å—Ç–∞—é—Ç—Å—è –ø—Ä–µ–∂–Ω–∏–º–∏: –ú–æ–∂–Ω–æ –∫—É–ø–∏—Ç—å –±–∏–ª–µ—Ç –Ω–∞ —Å—Ç–∞—Ä—ã–π –ø–∞—Å–ø–æ—Ä—Ç. –í –Ω–æ–≤–æ–º –ø–∞—Å–ø–æ—Ä—Ç–µ –±—É–¥–µ—Ç —É–∫–∞–∑–∞–Ω–∞ —Å–µ—Ä–∏—è –∏ –Ω–æ–º–µ—Ä —Å—Ç–∞—Ä–æ–≥–æ, —Ç–∞–∫ —á—Ç–æ –∏–∑–º–µ–Ω–µ–Ω–∏—è –≤ –±–∏–ª–µ—Ç, –≤–æ–∑–º–æ–∂–Ω–æ, –Ω–µ –ø–æ–Ω–∞–¥–æ–±—è—Ç—Å—è. –ù–æ –≤—Å—ë —Ä–∞–≤–Ω–æ —É—Ç–æ—á–Ω–∏ —É –∞–≤–∏–∞–∫–æ–º–ø–∞–Ω–∏–∏.
–ú–µ–Ω—è–µ—à—å –∏–º—è –∏–ª–∏ —Ñ–∞–º–∏–ª–∏—é: –ù—É–∂–Ω–æ –≤–Ω–µ—Å—Ç–∏ –∏–∑–º–µ–Ω–µ–Ω–∏—è –≤ –±–∏–ª–µ—Ç, —á—Ç–æ–±—ã –¥–∞–Ω–Ω—ã–µ —Å–æ–≤–ø–∞–¥–∞–ª–∏ —Å –Ω–æ–≤—ã–º –ø–∞—Å–ø–æ—Ä—Ç–æ–º. –≠—Ç–æ –º–æ–∂–µ—Ç –±—ã—Ç—å –ø–ª–∞—Ç–Ω–æ, —Ç–∞–∫ —á—Ç–æ —É—Ç–æ—á–Ω–∏ —É—Å–ª–æ–≤–∏—è —É –ø—Ä–æ–¥–∞–≤—Ü–∞ –±–∏–ª–µ—Ç–∞.
–í—Ä–µ–º–µ–Ω–Ω–æ–µ —É–¥–æ—Å—Ç–æ–≤–µ—Ä–µ–Ω–∏–µ: –ú–æ–∂–Ω–æ –∫—É–ø–∏—Ç—å –±–∏–ª–µ—Ç –Ω–∞ –≤—Ä–µ–º–µ–Ω–Ω–æ–µ —É–¥–æ—Å—Ç–æ–≤–µ—Ä–µ–Ω–∏–µ –ª–∏—á–Ω–æ—Å—Ç–∏ –ø–æ —Ñ–æ—Ä–º–µ 2–ü, –Ω–æ —Å–ª–µ–¥–∏ –∑–∞ –µ–≥–æ —Å—Ä–æ–∫–æ–º –¥–µ–π—Å—Ç–≤–∏—è.
–ï—Å–ª–∏ –µ—Å—Ç—å –≤–æ–ø—Ä–æ—Å—ã, –ø–∏—à–∏ –≤ –ø–æ–¥–¥–µ—Ä–∂–∫—É –ø—Ä–æ–¥–∞–≤—Ü–∞, —É –∫–æ—Ç–æ—Ä–æ–≥–æ –ø–æ–∫—É–ø–∞–ª –±–∏–ª–µ—Ç. "
–í–æ–∑–≤—Ä–∞—Ç –∏–ª–∏ –æ–±–º–µ–Ω –±–∏–ª–µ—Ç–∞,"–ï—Å–ª–∏ —Ç–µ–±–µ –Ω—É–∂–Ω–æ –≤–µ—Ä–Ω—É—Ç—å –∏–ª–∏ –æ–±–º–µ–Ω—è—Ç—å –±–∏–ª–µ—Ç, –≤—Å—ë –∑–∞–≤–∏—Å–∏—Ç –æ—Ç —É—Å–ª–æ–≤–∏–π —Ç–≤–æ–µ–≥–æ —Ç–∞—Ä–∏—Ñ–∞. –î–ª—è –Ω–∞—á–∞–ª–∞ –æ–±—Ä–∞—Ç–∏—Å—å –∫ –ø—Ä–æ–¥–∞–≤—Ü—É –±–∏–ª–µ—Ç–∞, –µ–≥–æ –Ω–∞–∑–≤–∞–Ω–∏–µ —É–∫–∞–∑–∞–Ω–æ –≤ —Å–∞–º–æ–º –±–∏–ª–µ—Ç–µ. –û–Ω–∏ –ø–æ–¥—Å–∫–∞–∂—É—Ç, —á—Ç–æ –º–æ–∂–Ω–æ —Å–¥–µ–ª–∞—Ç—å –≤ —Ç–≤–æ–µ–π —Å–∏—Ç—É–∞—Ü–∏–∏. –ï—Å–ª–∏ –±–∏–ª–µ—Ç –∫—É–ø–ª–µ–Ω —á–µ—Ä–µ–∑ Aviasales, –ø–∏—à–∏ –≤ –Ω–∞—à—É –ø–æ–¥–¥–µ—Ä–∂–∫—É, –∏ –º—ã –ø–æ–º–æ–∂–µ–º —Ä–∞–∑–æ–±—Ä–∞—Ç—å—Å—è. –£–¥–∞—á–∏! ‚úàÔ∏è"
–ù–µ –ø—Ä–∏—à—ë–ª –±–∏–ª–µ—Ç,"–ï—Å–ª–∏ –±–∏–ª–µ—Ç –Ω–µ –ø—Ä–∏—à—ë–ª –Ω–∞ –ø–æ—á—Ç—É, –Ω–µ –ø–∞–Ω–∏–∫—É–π! –°–Ω–∞—á–∞–ª–∞ –ø—Ä–æ–≤–µ—Ä—å –ø–∞–ø–∫—É ¬´–°–ø–∞–º¬ª ‚Äî –∏–Ω–æ–≥–¥–∞ –ø–∏—Å—å–º–∞ —Ç—É–¥–∞ –ø–æ–ø–∞–¥–∞—é—Ç. –ï—Å–ª–∏ –∏ —Ç–∞–º –µ–≥–æ –Ω–µ—Ç, —Å–≤—è–∂–∏—Å—å —Å –ø—Ä–æ–¥–∞–≤—Ü–æ–º –±–∏–ª–µ—Ç–∞ –∏ –ø–æ–ø—Ä–æ—Å–∏ –æ—Ç–ø—Ä–∞–≤–∏—Ç—å –º–∞—Ä—à—Ä—É—Ç–Ω—É—é –∫–≤–∏—Ç–∞–Ω—Ü–∏—é –µ—â—ë —Ä–∞–∑. –ï—Å–ª–∏ –ø–æ–∫—É–ø–∞–ª —á–µ—Ä–µ–∑ Aviasales, –ø–∏—à–∏ –Ω–∞–º –Ω–∞ help@aviasales.ru –∏–ª–∏ –≤ VK: https://vk.com/aviasales, –∏ –º—ã –≤—Å—ë –ø—Ä–æ–≤–µ—Ä–∏–º. –£–¥–∞—á–∏! ‚úàÔ∏èüìß"
–Ø –º–µ–Ω—è—é –≥—Ä–∞–∂–¥–∞–Ω—Å–∫–∏–π –ø–∞—Å–ø–æ—Ä—Ç. –ö–∞–∫ –∫—É–ø–∏—Ç—å –±–∏–ª–µ—Ç —Å–µ–π—á–∞—Å?,"–ï—Å–ª–∏ –§–ò–û –æ—Å—Ç–∞—é—Ç—Å—è –ø—Ä–µ–∂–Ω–∏–º–∏: –ò–Ω–æ–≥–¥–∞ –ø–µ—Ä–µ–≤–æ–∑—á–∏–∫–∏ —Ä–∞–∑—Ä–µ—à–∞—é—Ç –∫—É–ø–∏—Ç—å –±–∏–ª–µ—Ç –Ω–∞ —Å—Ç–∞—Ä—ã–π –ø–∞—Å–ø–æ—Ä—Ç. –í –Ω–æ–≤–æ–º —Ä–æ—Å—Å–∏–π—Å–∫–æ–º –ø–∞—Å–ø–æ—Ä—Ç–µ –Ω–∞ 18-19 —Å—Ç—Ä–∞–Ω–∏—Ü–∞—Ö –±—É–¥–µ—Ç —É–∫–∞–∑–∞–Ω–∞ —Å–µ—Ä–∏—è –∏ –Ω–æ–º–µ—Ä –≤–∞—à–µ–≥–æ —Å—Ç–∞—Ä–æ–≥–æ –ø–∞—Å–ø–æ—Ä—Ç–∞. –¢–æ–≥–¥–∞ –Ω–µ –Ω—É–∂–Ω–æ –±—É–¥–µ—Ç –≤–Ω–æ—Å–∏—Ç—å –∏–∑–º–µ–Ω–µ–Ω–∏—è –≤ –±–∏–ª–µ—Ç, –Ω–æ –≤ –Ω–µ–∫–æ—Ç–æ—Ä—ã—Ö —Å–ª—É—á–∞—è—Ö –∞–≤–∏–∞–∫–æ–º–ø–∞–Ω–∏–∏ –º–æ–≥—É—Ç –ø–æ—Ç—Ä–µ–±–æ–≤–∞—Ç—å –≤–Ω–µ—Å—Ç–∏ –Ω–æ–≤—ã–µ –¥–∞–Ω–Ω—ã–µ –∏ –ø–æ–ø—Ä–æ—Å–∏—Ç—å –¥–æ–ø–ª–∞—Ç—É. –í –ª—é–±–æ–º —Å–ª—É—á–∞–µ –¥–æ –ø–æ–∫—É–ø–∫–∏ –∞–≤–∏–∞–±–∏–ª–µ—Ç–∞ —Å–≤—è–∂–∏—Ç–µ—Å—å —Å –∞–≤–∏–∞–∫–æ–º–ø–∞–Ω–∏–µ–π –∏ —É–∑–Ω–∞–π—Ç–µ –µ—ë —É—Å–ª–æ–≤–∏—è."
–ï—Å–ª–∏ –º–µ–Ω—è–µ—Ç–µ –∏–º—è –∏–ª–∏ —Ñ–∞–º–∏–ª–∏—é?,"–ï—Å–ª–∏ –≤—ã —Ä–µ—à–∏–ª–∏ –ø–æ–∫—É–ø–∞—Ç—å –±–∏–ª–µ—Ç –Ω–∞ —Å—Ç–∞—Ä—ã–π –ø–∞—Å–ø–æ—Ä—Ç, –Ω–æ –ø–æ–ª–µ—Ç–∏—Ç–µ —É–∂–µ —Å –Ω–æ–≤—ã–º–∏ –∏–º–µ–Ω–µ–º –∏–ª–∏ —Ñ–∞–º–∏–ª–∏–µ–π –≤ –ø–∞—Å–ø–æ—Ä—Ç–µ, –ø—Ä–∏–¥—ë—Ç—Å—è –≤–Ω–µ—Å—Ç–∏ —ç—Ç–∏ –∏–∑–º–µ–Ω–µ–Ω–∏—è –≤ –±–∏–ª–µ—Ç. –î–∞–Ω–Ω—ã–µ –¥–æ–∫—É–º–µ–Ω—Ç–∞ –∏–∑ –±–∏–ª–µ—Ç–∞ –¥–æ–ª–∂–Ω—ã —Å–æ–≤–ø–∞–¥–∞—Ç—å —Å–æ —Å–≤–µ–¥–µ–Ω–∏—è–º–∏ –≤ –¥–æ–∫—É–º–µ–Ω—Ç–µ, –∫–æ—Ç–æ—Ä—ã–π –≤–∞—Å –ø–æ–ø—Ä–æ—Å—è—Ç –ø–æ–∫–∞–∑–∞—Ç—å –Ω–∞ —ç—Ç–∞–ø–µ —Ä–µ–≥–∏—Å—Ç—Ä–∞—Ü–∏–∏. –ß—Ç–æ–±—ã —É—Ç–æ—á–Ω–∏—Ç—å –ø—Ä–∞–≤–∏–ª–∞ –∞–≤–∏–∞–∫–æ–º–ø–∞–Ω–∏–∏ –∏ –æ—Ç—Ä–µ–¥–∞–∫—Ç–∏—Ä–æ–≤–∞—Ç—å –¥–∞–Ω–Ω—ã–µ –≤ –±–∏–ª–µ—Ç–µ, —Å–≤—è–∂–∏—Ç–µ—Å—å —Å –ø—Ä–æ–¥–∞–≤—Ü–æ–º, —É –∫–æ—Ç–æ—Ä–æ–≥–æ –¥–µ–ª–∞–ª–∏ –∑–∞–∫–∞–∑. –ï–≥–æ –Ω–∞–∑–≤–∞–Ω–∏–µ –Ω–∞–π–¥—ë—Ç–µ –≤ –±–∏–ª–µ—Ç–µ –∏–ª–∏ —á–µ–∫–µ —Å–ø–∏—Å–∞–Ω–∏—è –∏–∑ –±–∞–Ω–∫–æ–≤—Å–∫–æ–≥–æ –ø—Ä–∏–ª–æ–∂–µ–Ω–∏—è."
–ö–∞–∫ —Å–≤—è–∑–∞—Ç—å—Å—è —Å –ø—Ä–æ–¥–∞–≤—Ü–æ–º –±–∏–ª–µ—Ç–∞?,"–í–≤–µ–¥–∏—Ç–µ –Ω–∞–∑–≤–∞–Ω–∏–µ –∞–≤–∏–∞–∫–æ–º–ø–∞–Ω–∏–∏ –∏–ª–∏ –∞–≥–µ–Ω—Ç—Å—Ç–≤–∞, —á—Ç–æ–±—ã —É–≤–∏–¥–µ—Ç—å –∫–æ–Ω—Ç–∞–∫—Ç—ã –¥–ª—è —Å–≤—è–∑–∏. –ß–∞—Å—Ç–æ –∫–æ—Ä—Ä–µ–∫—Ç–∏—Ä–æ–≤–∫–∞ –¥–∞–Ω–Ω—ã—Ö –≤ –±–∏–ª–µ—Ç–µ ‚Äî –ø–ª–∞—Ç–Ω–∞—è —É—Å–ª—É–≥–∞, —Ü–µ–Ω–∞ –∑–∞–≤–∏—Å–∏—Ç –æ—Ç –ø—Ä–∞–≤–∏–ª –∞–≤–∏–∞–∫–æ–º–ø–∞–Ω–∏–∏. –ù–µ–∫–æ—Ç–æ—Ä—ã–µ –ø–µ—Ä–µ–≤–æ–∑—á–∏–∫–∏ –≥–æ—Ç–æ–≤—ã –≤–Ω–µ—Å—Ç–∏ –∏–∑–º–µ–Ω–µ–Ω–∏—è –±–µ—Å–ø–ª–∞—Ç–Ω–æ, –µ—Å–ª–∏ –ø—Ä–µ–¥—ä—è–≤–∏—Ç—å —Å–≤–∏–¥–µ—Ç–µ–ª—å—Å—Ç–≤–æ –æ –±—Ä–∞–∫–µ."
–ê –µ—â—ë –º–æ–∂–Ω–æ –∫—É–ø–∏—Ç—å –±–∏–ª–µ—Ç –Ω–∞ –≤—Ä–µ–º–µ–Ω–Ω–æ–µ —É–¥–æ—Å—Ç–æ–≤–µ—Ä–µ–Ω–∏–µ –ª–∏—á–Ω–æ—Å—Ç–∏ –ø–æ —Ñ–æ—Ä–º–µ 2–ü?,"–£ —ç—Ç–æ–≥–æ –¥–æ–∫—É–º–µ–Ω—Ç–∞ –µ—Å—Ç—å —Å—Ä–æ–∫ –¥–µ–π—Å—Ç–≤–∏—è ‚Äî –µ–≥–æ –≤—ã–¥–∞—é—Ç –Ω–∞ –≤—Ä–µ–º—è –∑–∞–º–µ–Ω—ã –æ—Å–Ω–æ–≤–Ω–æ–≥–æ –ø–∞—Å–ø–æ—Ä—Ç–∞. –û—Ñ–æ—Ä–º–ª—è—Ç—å –±–∏–ª–µ—Ç –Ω—É–∂–Ω–æ –Ω–∞ –¥–µ–π—Å—Ç–≤—É—é—â–∏–π –¥–æ–∫—É–º–µ–Ω—Ç, —Ç–∞–∫ —á—Ç–æ –≤–µ—Ä–Ω—É—Ç—å—Å—è –∏–∑ –ø–æ–µ–∑–¥–∫–∏ –Ω—É–∂–Ω–æ –¥–æ —Ç–æ–≥–æ, –∫–∞–∫ –æ–Ω —Å—Ç–∞–Ω–µ—Ç –ø—Ä–æ—Å—Ä–æ—á–µ–Ω–Ω—ã–º."
–ü–æ—á–µ–º—É –ê–≤–∏–∞—Å–µ–π–ª—Å –Ω–µ –º–æ–∂–µ—Ç –≤–Ω–µ—Å—Ç–∏ –∏–∑–º–µ–Ω–µ–Ω–∏—è –≤ –ª—é–±–æ–π –±–∏–ª–µ—Ç?,"–ë–æ–ª—å—à–∏–Ω—Å—Ç–≤–æ –±–∏–ª–µ—Ç–æ–≤ –≤ –Ω–∞—à–µ–º —Å–µ—Ä–≤–∏—Å–µ –ø—Ä–æ–¥–∞—é—Ç –∞–≥–µ–Ω—Ç—Å—Ç–≤–∞ –∏ –∞–≤–∏–∞–∫–æ–º–ø–∞–Ω–∏–∏. –¢–æ –µ—Å—Ç—å –Ω–∞—Ö–æ–¥–∏—Ç–µ –≤—ã –∏—Ö —É –Ω–∞—Å, –∞ –ø–æ—Ç–æ–º –ø–µ—Ä–µ—Ö–æ–¥–∏—Ç–µ –Ω–∞ —Å–∞–π—Ç –ø—Ä–æ–¥–∞–≤—Ü–∞ –∏ –æ—Ñ–æ—Ä–º–ª—è–µ—Ç–µ –∑–∞–∫–∞–∑ —É–∂–µ —Ç–∞–º. –ö —Ç–∞–∫–∏–º –±–∏–ª–µ—Ç–∞–º —É –Ω–∞—Å –Ω–µ—Ç –¥–æ—Å—Ç—É–ø–∞ ‚Äî —á—Ç–æ–±—ã –≤–Ω–µ—Å—Ç–∏ –∏–∑–º–µ–Ω–µ–Ω–∏—è, –Ω—É–∂–Ω–æ –≤ –ª—é–±–æ–º —Å–ª—É—á–∞–µ —Å–≤—è–∑–∞—Ç—å—Å—è —Å –ø—Ä–æ–¥–∞–≤—Ü–æ–º. –ù–µ–∫–æ—Ç–æ—Ä—ã–µ –±–∏–ª–µ—Ç—ã –¥–µ–π—Å—Ç–≤–∏—Ç–µ–ª—å–Ω–æ –ø—Ä–æ–¥–∞—ë—Ç –∏–º–µ–Ω–Ω–æ –ê–≤–∏–∞—Å–µ–π–ª—Å, –∞ –Ω–µ –∞–≥–µ–Ω—Ç—Å—Ç–≤–∞ –∏–ª–∏ –∞–≤–∏–∞–∫–æ–º–ø–∞–Ω–∏–∏. –í—ã –º–æ–∂–µ—Ç–µ —É–∑–Ω–∞—Ç—å –∏—Ö –ø–æ –Ω–∞—à–µ–º—É –ª–æ–≥–æ—Ç–∏–ø—É –≤ —Å–∞–º–æ–º –≤–µ—Ä—Ö—É –º–∞—Ä—à—Ä—É—Ç–Ω–æ–π –∫–≤–∏—Ç–∞–Ω—Ü–∏–∏. –ï—Å–ª–∏ —É –≤–∞—Å –∏–º–µ–Ω–Ω–æ —Ç–∞–∫–æ–π, —Å–º–µ–ª–æ –ø–∏—à–∏—Ç–µ –≤ –Ω–∞—à—É –ø–æ–¥–¥–µ—Ä–∂–∫—É ‚Äî –∫–æ–Ω—Ç–∞–∫—Ç—ã –Ω–∞–π–¥—ë—Ç–µ –Ω–∏–∂–µ, –≤ –±–ª–æ–∫–µ ¬´–ö–∞–∫ —Å–≤—è–∑–∞—Ç—å—Å—è —Å –Ω–∞–º–∏¬ª. –í—ã —Ç–∞–∫–∂–µ –º–æ–∂–µ—Ç–µ –∫ –Ω–∞–º –æ–±—Ä–∞—Ç–∏—Ç—å—Å—è, –µ—Å–ª–∏ –æ—Å—Ç–∞–ª–∏—Å—å –≤–æ–ø—Ä–æ—Å—ã –ø–æ –±–∏–ª–µ—Ç—É –¥—Ä—É–≥–æ–≥–æ –ø—Ä–æ–¥–∞–≤—Ü–∞."
–ú–æ–∂–Ω–æ –ª–∏ –ª–µ—Ç–∞—Ç—å –ø–æ –†–æ—Å—Å–∏–∏ –ø–æ –∑–∞–≥—Ä–∞–Ω–ø–∞—Å–ø–æ—Ä—Ç—É?,"–î–∞, –º–æ–∂–Ω–æ! –õ–µ—Ç–∞—Ç—å –ø–æ –†–æ—Å—Å–∏–∏ –º–æ–∂–Ω–æ –Ω–µ —Ç–æ–ª—å–∫–æ –ø–æ –æ–±—â–µ–≥—Ä–∞–∂–¥–∞–Ω—Å–∫–æ–º—É, –Ω–æ –∏ –ø–æ –∑–∞–≥—Ä–∞–Ω–∏—á–Ω–æ–º—É –ø–∞—Å–ø–æ—Ä—Ç—É, –∞ —Ç–∞–∫–∂–µ –ø–æ –≤–æ–µ–Ω–Ω–æ–º—É –±–∏–ª–µ—Ç—É, –≤—Ä–µ–º–µ–Ω–Ω–æ–º—É —É–¥–æ—Å—Ç–æ–≤–µ—Ä–µ–Ω–∏—é –ª–∏—á–Ω–æ—Å—Ç–∏ –∏ –¥—Ä—É–≥–∏–º –¥–æ–∫—É–º–µ–Ω—Ç–∞–º. "
–ù–µ–∫–æ—Ç–æ—Ä—ã–µ –ø—Ä–æ–¥–∞–≤—Ü—ã —Ä–∞–∑—Ä–µ—à–∞—é—Ç –ø–æ–∫—É–ø–∞—Ç—å –±–∏–ª–µ—Ç —Ç–æ–ª—å–∫–æ –ø–æ –ø–∞—Å–ø–æ—Ä—Ç—É?,"–î–∞, –Ω–µ–∫–æ—Ç–æ—Ä—ã–µ –ø—Ä–æ–¥–∞–≤—Ü—ã —Ä–∞–∑—Ä–µ—à–∞—é—Ç –ø–æ–∫—É–ø–∞—Ç—å –±–∏–ª–µ—Ç —Ç–æ–ª—å–∫–æ –ø–æ –ø–∞—Å–ø–æ—Ä—Ç—É. –ü—Ä–æ–≤–µ—Ä—å—Ç–µ –≤—Å–µ —É—Å–ª–æ–≤–∏—è –Ω–∞ —Å–∞–π—Ç–µ –∞–≥–µ–Ω—Ç—Å—Ç–≤–∞ –∏–ª–∏ –∞–≤–∏–∞–∫–æ–º–ø–∞–Ω–∏–∏ –ø–µ—Ä–µ–¥ –ø–æ–∫—É–ø–∫–æ–π."
"–û—Ñ–æ—Ä–º–ª—è—Ç—å –±–∏–ª–µ—Ç –Ω—É–∂–Ω–æ –Ω–∞ —Ç–æ—Ç –∂–µ –¥–æ–∫—É–º–µ–Ω—Ç, —Å –∫–æ—Ç–æ—Ä—ã–º –ø–æ–ª–µ—Ç–∏—Ç–µ?","–î–∞, –æ—Ñ–æ—Ä–º–ª—è—Ç—å –±–∏–ª–µ—Ç –Ω—É–∂–Ω–æ –Ω–∞ —Ç–æ—Ç –∂–µ –¥–æ–∫—É–º–µ–Ω—Ç, —Å –∫–æ—Ç–æ—Ä—ã–º –ø–æ–ª–µ—Ç–∏—Ç–µ ‚Äî –∫—É–ø–∏—Ç—å –±–∏–ª–µ—Ç –ø–æ –∑–∞–≥—Ä–∞–Ω–ø–∞—Å–ø–æ—Ä—Ç—É, –∞ —É–ª–µ—Ç–µ—Ç—å –ø–æ –≤—Ä–µ–º–µ–Ω–Ω–æ–º—É —É–¥–æ—Å—Ç–æ–≤–µ—Ä–µ–Ω–∏—é –ª–∏—á–Ω–æ—Å—Ç–∏ –Ω–µ –ø–æ–ª—É—á–∏—Ç—Å—è."
–ú–æ–∂–Ω–æ –ª–∏ –ª–µ—Ç–µ—Ç—å –∑–∞ –≥—Ä–∞–Ω–∏—Ü—É –ø–æ –≤–Ω—É—Ç—Ä–µ–Ω–Ω–µ–º—É –ø–∞—Å–ø–æ—Ä—Ç—É?,"–í –±–æ–ª—å—à–∏–Ω—Å—Ç–≤–µ —Å–ª—É—á–∞–µ–≤ –∑–∞ –≥—Ä–∞–Ω–∏—Ü—É –º–æ–∂–Ω–æ –ª–µ—Ç–µ—Ç—å —Ç–æ–ª—å–∫–æ –ø–æ –∑–∞–≥—Ä–∞–Ω–ø–∞—Å–ø–æ—Ä—Ç—É, –Ω–æ –≤ –Ω–µ–∫–æ—Ç–æ—Ä—ã–µ —Å—Ç—Ä–∞–Ω—ã ‚Äî –Ω–∞–ø—Ä–∏–º–µ—Ä, –ê—Ä–º–µ–Ω–∏—é, –†–µ—Å–ø—É–±–ª–∏–∫—É –ë–µ–ª–∞—Ä—É—Å—å, –ö–∞–∑–∞—Ö—Å—Ç–∞–Ω, –ö—ã—Ä–≥—ã–∑—Å—Ç–∞–Ω ‚Äî –ø—É—Å–∫–∞—é—Ç –∏ –ø–æ –≤–Ω—É—Ç—Ä–µ–Ω–Ω–µ–º—É. –ü–æ–¥—Ä–æ–±–Ω–µ–µ –ø—Ä–æ —É—Å–ª–æ–≤–∏—è –≤—ä–µ–∑–¥–∞ –º–æ–∂–Ω–æ –ø–æ—á–∏—Ç–∞—Ç—å –≤ –Ω–∞—à–µ–º –∂—É—Ä–Ω–∞–ª–µ –æ –ø—É—Ç–µ—à–µ—Å—Ç–≤–∏—è—Ö –ü–°–ñ–†, –∞ —Ç–∞–∫–∂–µ –Ω–∞ —Å–∞–π—Ç–µ –ø–æ—Å–æ–ª—å—Å—Ç–≤–∞ —Å—Ç—Ä–∞–Ω –≤—ã–ª–µ—Ç–∞ –∏ –ø—Ä–∏–ª—ë—Ç–∞."
–ö–∞–∫–∏–µ –¥–æ–∫—É–º–µ–Ω—Ç—ã —Ä–∞–∑—Ä–µ—à–µ–Ω—ã –¥–ª—è –ø–µ—Ä–µ–ª—ë—Ç–∞ –ø–æ –†–æ—Å—Å–∏–∏?,"–°–ø–∏—Å–æ–∫ —Ä–∞–∑—Ä–µ—à—ë–Ω–Ω—ã—Ö –¥–æ–∫—É–º–µ–Ω—Ç–æ–≤ –¥–ª—è –ø–µ—Ä–µ–ª—ë—Ç–∞ –ø–æ –†–æ—Å—Å–∏–∏ –≤–∫–ª—é—á–∞–µ—Ç: –ø–∞—Å–ø–æ—Ä—Ç –≥—Ä–∞–∂–¥–∞–Ω–∏–Ω–∞ –†–§, –∑–∞–≥—Ä–∞–Ω–ø–∞—Å–ø–æ—Ä—Ç, –¥–∏–ø–ª–æ–º–∞—Ç–∏—á–µ—Å–∫–∏–π –ø–∞—Å–ø–æ—Ä—Ç, –ø–∞—Å–ø–æ—Ä—Ç –º–æ—Ä—è–∫–∞, —Å–ª—É–∂–µ–±–Ω—ã–π –ø–∞—Å–ø–æ—Ä—Ç (–∫—Ä–æ–º–µ –ø–∞—Å–ø–æ—Ä—Ç–∞ –º–æ—Ä—è–∫–∞ –∏ –¥–∏–ø–ª–æ–º–∞—Ç–∏—á–µ—Å–∫–æ–≥–æ), –ø–∞—Å–ø–æ—Ä—Ç –∏–Ω–æ—Å—Ç—Ä–∞–Ω–Ω–æ–≥–æ –≥—Ä–∞–∂–¥–∞–Ω–∏–Ω–∞, —Å–≤–∏–¥–µ—Ç–µ–ª—å—Å—Ç–≤–æ –æ —Ä–æ–∂–¥–µ–Ω–∏–∏ (–¥–ª—è –¥–µ—Ç–µ–π –¥–æ 14 –ª–µ—Ç), —É–¥–æ—Å—Ç–æ–≤–µ—Ä–µ–Ω–∏–µ –ª–∏—á–Ω–æ—Å—Ç–∏ –≤–æ–µ–Ω–Ω–æ—Å–ª—É–∂–∞—â–µ–≥–æ, —É–¥–æ—Å—Ç–æ–≤–µ—Ä–µ–Ω–∏–µ –ª–∏—á–Ω–æ—Å—Ç–∏ –ª–∏—Ü–∞ –±–µ–∑ –≥—Ä–∞–∂–¥–∞–Ω—Å—Ç–≤–∞, –≤—Ä–µ–º–µ–Ω–Ω–æ–µ —É–¥–æ—Å—Ç–æ–≤–µ—Ä–µ–Ω–∏–µ –ª–∏—á–Ω–æ—Å—Ç–∏, –≤—ã–¥–∞–≤–∞–µ–º–æ–µ –æ—Ä–≥–∞–Ω–∞–º–∏ –≤–Ω—É—Ç—Ä–µ–Ω–Ω–∏—Ö –¥–µ–ª, –≤–æ–µ–Ω–Ω—ã–π –±–∏–ª–µ—Ç –≤–æ–µ–Ω–Ω–æ—Å–ª—É–∂–∞—â–µ–≥–æ —Å—Ä–æ—á–Ω–æ–π —Å–ª—É–∂–±—ã, –≤–∏–¥ –Ω–∞ –∂–∏—Ç–µ–ª—å—Å—Ç–≤–æ –∏–Ω–æ—Å—Ç—Ä–∞–Ω–Ω–æ–≥–æ –≥—Ä–∞–∂–¥–∞–Ω–∏–Ω–∞ –∏–ª–∏ –ª–∏—Ü–∞ –±–µ–∑ –≥—Ä–∞–∂–¥–∞–Ω—Å—Ç–≤–∞, –ø–∞—Å–ø–æ—Ä—Ç –≥—Ä–∞–∂–¥–∞–Ω–∏–Ω–∞ –°–°–°–†, —Å–≤–∏–¥–µ—Ç–µ–ª—å—Å—Ç–≤–æ –æ –≤–æ–∑–≤—Ä–∞—â–µ–Ω–∏–∏ –∏–∑ —Å—Ç—Ä–∞–Ω –°–ù–ì, —Å–ø—Ä–∞–≤–∫–∞ –æ–± —É—Ç–µ—Ä–µ –ø–∞—Å–ø–æ—Ä—Ç–∞."
–ß—Ç–æ —Ç–∞–∫–æ–µ —á–∞—Ä—Ç–µ—Ä–Ω—ã–π —Ä–µ–π—Å,"–°–µ–∑–æ–Ω–Ω—ã–π —Ä–µ–π—Å, –∫–æ—Ç–æ—Ä—ã–π —Ç—É—Ä–æ–ø–µ—Ä–∞—Ç–æ—Ä –∏–ª–∏ –¥—Ä—É–≥–∞—è –∫–æ–º–ø–∞–Ω–∏—è –∑–∞–∫–∞–∑—ã–≤–∞—é—Ç —É –ø–µ—Ä–µ–≤–æ–∑—á–∏–∫–∞. –ü—Ä–∏–º–µ—Ä: —Ç—É—Ä–∞–≥–µ–Ω—Ç—Å—Ç–≤–æ –∞—Ä–µ–Ω–¥—É–µ—Ç —Å–∞–º–æ–ª—ë—Ç –¥–ª—è –ø–æ–ª—ë—Ç–æ–≤ –≤ –∏—Ç–∞–ª—å—è–Ω—Å–∫—É—é –ø—Ä–æ–≤–∏–Ω—Ü–∏—é, –≥–¥–µ –Ω–µ—Ç —Ä–µ–≥—É–ª—è—Ä–Ω—ã—Ö —Ä–µ–π—Å–æ–≤."
–û —á—ë–º –Ω—É–∂–Ω–æ –ø–æ–º–Ω–∏—Ç—å –ø—Ä–∏ –ø–æ–∫—É–ø–∫–µ –±–∏–ª–µ—Ç–æ–≤ –Ω–∞ —á–∞—Ä—Ç–µ—Ä–Ω—ã–π —Ä–µ–π—Å,–í—ã–ª–µ—Ç –º–æ–≥—É—Ç –∑–∞–¥–µ—Ä–∂–∞—Ç—å –∏–ª–∏ –ø–µ—Ä–µ–Ω–µ—Å—Ç–∏; –∏–∑–º–µ–Ω–µ–Ω–∏—è —Å–æ–æ–±—â–∞—é—Ç –ø–æ —Ç–µ–ª–µ—Ñ–æ–Ω—É –∏–ª–∏ —ç–ª–µ–∫—Ç—Ä–æ–Ω–Ω–æ–π –ø–æ—á—Ç–µ; –±–∏–ª–µ—Ç –Ω–µ–≤–æ–∑–≤—Ä–∞—Ç–Ω—ã–π; –≤–æ–∑–º–æ–∂–Ω–∞ —Å–º–µ–Ω–∞ –ø–µ—Ä–µ–≤–æ–∑—á–∏–∫–∞ –∏ –Ω–æ—Ä–º –ø—Ä–æ–≤–æ–∑–∞ –±–∞–≥–∞–∂–∞; –Ω–µ –≤—Å–µ–≥–¥–∞ –¥–æ—Å—Ç—É–ø–Ω–∞ –æ–Ω–ª–∞–π–Ω —Ä–µ–≥–∏—Å—Ç—Ä–∞—Ü–∏—è; –º–∏–ª–∏ –∏ –±–æ–Ω—É—Å—ã –∞–≤–∏–∞–∫–æ–º–ø–∞–Ω–∏–∏ –Ω–µ –Ω–∞—á–∏—Å–ª—è—é—Ç—Å—è.
"–ü–ª–∞–Ω–∏—Ä—É—é –∫—É–ø–∏—Ç—å –±–∏–ª–µ—Ç, –Ω–æ –∑–∞–≥—Ä–∞–Ω–ø–∞—Å–ø–æ—Ä—Ç –µ—â—ë –Ω–µ –≥–æ—Ç–æ–≤. –ö–∞–∫ –±—ã—Ç—å","–í–≤–æ–¥–∏—Ç–µ –∏–∑–≤–µ—Å—Ç–Ω—ã–µ –¥–∞–Ω–Ω—ã–µ (–∏–º—è, —Ñ–∞–º–∏–ª–∏—è), –¥–ª—è —Å–µ—Ä–∏–∏ –∏ –Ω–æ–º–µ—Ä–∞ - –ª—é–±—ã–µ —Ü–∏—Ñ—Ä—ã, –∑–∞—Ç–µ–º —Å–≤—è–∂–∏—Ç–µ—Å—å —Å –ø—Ä–æ–¥–∞–≤—Ü–æ–º –¥–ª—è –∏–∑–º–µ–Ω–µ–Ω–∏—è –¥–∞–Ω–Ω—ã—Ö –ø–æ—Å–ª–µ –ø–æ–ª—É—á–µ–Ω–∏—è –ø–∞—Å–ø–æ—Ä—Ç–∞ (–≤–æ–∑–º–æ–∂–Ω–æ, –∑–∞ –¥–æ–ø–æ–ª–Ω–∏—Ç–µ–ª—å–Ω—É—é –ø–ª–∞—Ç—É)."
–ö–∞–∫ —Å–≤—è–∑–∞—Ç—å—Å—è —Å –ø—Ä–æ–¥–∞–≤—Ü–æ–º –±–∏–ª–µ—Ç–∞,"–í–≤–µ–¥–∏—Ç–µ –Ω–∞–∑–≤–∞–Ω–∏–µ –∞–≤–∏–∞–∫–æ–º–ø–∞–Ω–∏–∏ –∏–ª–∏ –∞–≥–µ–Ω—Ç—Å—Ç–≤–∞, —á—Ç–æ–±—ã —É–≤–∏–¥–µ—Ç—å –∫–æ–Ω—Ç–∞–∫—Ç—ã –¥–ª—è —Å–≤—è–∑–∏."
–ü–æ—á–µ–º—É –ê–≤–∏–∞—Å–µ–π–ª—Å –Ω–µ –º–æ–∂–µ—Ç –≤–Ω–µ—Å—Ç–∏ –∏–∑–º–µ–Ω–µ–Ω–∏—è –≤ –ª—é–±–æ–π –±–∏–ª–µ—Ç,"–ë–æ–ª—å—à–∏–Ω—Å—Ç–≤–æ –±–∏–ª–µ—Ç–æ–≤ –ø—Ä–æ–¥–∞—é—Ç –∞–≥–µ–Ω—Ç—Å—Ç–≤–∞ –∏ –∞–≤–∏–∞–∫–æ–º–ø–∞–Ω–∏–∏ —á–µ—Ä–µ–∑ —Å–µ—Ä–≤–∏—Å, –∫ –∫–æ—Ç–æ—Ä—ã–º –ê–≤–∏–∞—Å–µ–π–ª—Å –Ω–µ –∏–º–µ–µ—Ç –¥–æ—Å—Ç—É–ø–∞. –ò–∑–º–µ–Ω–µ–Ω–∏—è –≤–æ–∑–º–æ–∂–Ω—ã —Ç–æ–ª—å–∫–æ —á–µ—Ä–µ–∑ –ø—Ä–æ–¥–∞–≤—Ü–∞, –∫—Ä–æ–º–µ –±–∏–ª–µ—Ç–æ–≤, –Ω–∞–ø—Ä—è–º—É—é –ø—Ä–æ–¥–∞–≤–∞–µ–º—ã—Ö –ê–≤–∏–∞—Å–µ–π–ª—Å (–æ–ø—Ä–µ–¥–µ–ª–∏—Ç—å –º–æ–∂–Ω–æ –ø–æ –ª–æ–≥–æ—Ç–∏–ø—É –Ω–∞ –º–∞—Ä—à—Ä—É—Ç–Ω–æ–π –∫–≤–∏—Ç–∞–Ω—Ü–∏–∏)."
–ö–∞–∫ —Ä–∞–±–æ—Ç–∞—é—Ç —Å–∞–π—Ç –∏ –ø—Ä–∏–ª–æ–∂–µ–Ω–∏–µ –ê–≤–∏–∞—Å–µ–π–ª—Å?,"–§–æ—Ä–º–∞ –ø–æ–∏—Å–∫–∞: —É–∫–∞–∂–∏—Ç–µ –Ω–∞–ø—Ä–∞–≤–ª–µ–Ω–∏—è, –¥–∞—Ç—ã, –∫–æ–ª–∏—á–µ—Å—Ç–≤–æ –ø–∞—Å—Å–∞–∂–∏—Ä–æ–≤, –∫–ª–∞—Å—Å –æ–±—Å–ª—É–∂–∏–≤–∞–Ω–∏—è. –ù–∞–∂–º–∏—Ç–µ ¬´–ù–∞–π—Ç–∏ –±–∏–ª–µ—Ç—ã¬ª –Ω–∞ —Å–∞–π—Ç–µ –∏–ª–∏ –∞–≤—Ç–æ–º–∞—Ç–∏—á–µ—Å–∫–∏–π –ø–æ–∏—Å–∫ –≤ –ø—Ä–∏–ª–æ–∂–µ–Ω–∏–∏."
–ß—Ç–æ —Ç–∞–∫–æ–µ —Ä–µ–∑—É–ª—å—Ç–∞—Ç—ã –ø–æ–∏—Å–∫–∞ –Ω–∞ —Å–∞–π—Ç–µ –ê–≤–∏–∞—Å–µ–π–ª—Å?,"–í–∞—Ä–∏–∞–Ω—Ç—ã –ø–µ—Ä–µ–ª—ë—Ç–æ–≤ –æ—Ç –∞–≥–µ–Ω—Ç—Å—Ç–≤ –∏ –∞–≤–∏–∞–∫–æ–º–ø–∞–Ω–∏–π —Å —Ü–µ–Ω–∞–º–∏, –¥–∞—Ç–æ–π –∏ –≤—Ä–µ–º–µ–Ω–µ–º –≤—ã–ª–µ—Ç–∞ –∏ –ø—Ä–∏–ª—ë—Ç–∞, –∞—ç—Ä–æ–ø–æ—Ä—Ç–∞–º–∏, –∫–æ–ª–∏—á–µ—Å—Ç–≤–æ–º –ø–µ—Ä–µ—Å–∞–¥–æ–∫ –∏ –ø—Ä–æ–¥–æ–ª–∂–∏—Ç–µ–ª—å–Ω–æ—Å—Ç—å—é –ø–æ–ª—ë—Ç–∞, –Ω–∞–ª–∏—á–∏–µ–º –∏–ª–∏ –æ—Ç—Å—É—Ç—Å—Ç–≤–∏–µ–º —Ä—É—á–Ω–æ–π –∫–ª–∞–¥–∏/–±–∞–≥–∞–∂–∞."
–î–ª—è —á–µ–≥–æ –ø—Ä–µ–¥–Ω–∞–∑–Ω–∞—á–µ–Ω—ã —Ç–∞–±–ª–∏—Ü–∞ –∏ –≥—Ä–∞—Ñ–∏–∫ —Ü–µ–Ω –Ω–∞ —Å–∞–π—Ç–µ –ê–≤–∏–∞—Å–µ–π–ª—Å?,"–î–ª—è —Å—Ä–∞–≤–Ω–µ–Ω–∏—è —Ü–µ–Ω –Ω–∞ —Å–æ—Å–µ–¥–Ω–∏–µ –¥–∞—Ç—ã (–≥—Ä–∞—Ñ–∏–∫) –∏–ª–∏ —Å–æ—Å–µ–¥–Ω–∏–µ –º–µ—Å—è—Ü—ã (—Ç–∞–±–ª–∏—Ü–∞), –ø–æ–∫–∞–∑—ã–≤–∞—é—Ç –º–∏–Ω–∏–º–∞–ª—å–Ω—ã–µ —Ü–µ–Ω—ã –ø–æ –Ω–∞–ø—Ä–∞–≤–ª–µ–Ω–∏—é, –Ω–∞–π–¥–µ–Ω–Ω—ã–µ –ø–æ–ª—å–∑–æ–≤–∞—Ç–µ–ª—è–º–∏ –∑–∞ –ø–æ—Å–ª–µ–¥–Ω—é—é –Ω–µ–¥–µ–ª—é."
–ö–∞–∫ –∏—Å–ø–æ–ª—å–∑–æ–≤–∞—Ç—å —Ñ–∏–ª—å—Ç—Ä—ã –Ω–∞ —Å–∞–π—Ç–µ –ê–≤–∏–∞—Å–µ–π–ª—Å?,"–í—ã–±–µ—Ä–∏—Ç–µ –Ω—É–∂–Ω—ã–µ –ø–∞—Ä–∞–º–µ—Ç—Ä—ã: –∫–æ–ª–∏—á–µ—Å—Ç–≤–æ –ø–µ—Ä–µ—Å–∞–¥–æ–∫, –≤—Ä–µ–º—è –≤—ã–ª–µ—Ç–∞ –∏ –ø—Ä–∏–±—ã—Ç–∏—è, –±–∞–≥–∞–∂, –¥–ª–∏—Ç–µ–ª—å–Ω–æ—Å—Ç—å –ø–µ—Ä–µ—Å–∞–¥–∫–∏, –∞—ç—Ä–æ–ø–æ—Ä—Ç—ã. –ò—Å–ø–æ–ª—å–∑—É–π—Ç–µ —Ñ–∏–ª—å—Ç—Ä ¬´–°–æ—Ä—Ç–∏—Ä–æ–≤–∫–∞¬ª –¥–ª—è —É–ø–æ—Ä—è–¥–æ—á–∏–≤–∞–Ω–∏—è –±–∏–ª–µ—Ç–æ–≤ –ø–æ —Ä–∞–∑–ª–∏—á–Ω—ã–º –∫—Ä–∏—Ç–µ—Ä–∏—è–º."
–ß—Ç–æ —Ç–∞–∫–æ–µ —Å–ª–æ–∂–Ω—ã–π –º–∞—Ä—à—Ä—É—Ç –Ω–∞ —Å–∞–π—Ç–µ –ê–≤–∏–∞—Å–µ–π–ª—Å –∏ –∫–∞–∫ –µ–≥–æ –∏—Å–ø–æ–ª—å–∑–æ–≤–∞—Ç—å?,"–í–æ–∑–º–æ–∂–Ω–æ—Å—Ç—å –ø–æ—Å—Ç—Ä–æ–µ–Ω–∏—è –º–∞—Ä—à—Ä—É—Ç–∞ –∏–∑ –º–∞–∫—Å–∏–º—É–º 6 –ø–µ—Ä–µ–ª—ë—Ç–æ–≤. –£–¥–æ–±–µ–Ω –¥–ª—è –∞–≤—Ç–æ–º–∞—Ç–∏—á–µ—Å–∫–æ–≥–æ –ø–æ–¥–±–æ—Ä–∞ –ø—É–Ω–∫—Ç–æ–≤ —Å –ø–µ—Ä–µ—Å–∞–¥–∫–∞–º–∏ –∏ —Å—Ä–∞–≤–Ω–µ–Ω–∏—è –∞–≤–∏–∞–∫–æ–º–ø–∞–Ω–∏–π, —ç–∫–æ–Ω–æ–º–∏—Ç –≤—Ä–µ–º—è –Ω–∞ –≤–≤–æ–¥ –¥–∞–Ω–Ω—ã—Ö –ø–∞—Å—Å–∞–∂–∏—Ä–æ–≤ –∏ –æ–ø–ª–∞—Ç—É."
–ö–∞–∫ –ø–æ–∫—É–ø–∞—Ç—å –±–∏–ª–µ—Ç—ã –Ω–∞ —Å–∞–π—Ç–µ –ê–≤–∏–∞—Å–µ–π–ª—Å?,"–ò–∑—É—á–∏—Ç–µ –∫–∞—Ä—Ç–æ—á–∫—É –±–∏–ª–µ—Ç–∞, –≤—ã–±–µ—Ä–∏—Ç–µ –ø–æ–¥—Ö–æ–¥—è—â–∏–π —Ç–∞—Ä–∏—Ñ, –∫–ª–∏–∫–Ω–∏—Ç–µ –Ω–∞ –±–∏–ª–µ—Ç, –ø–µ—Ä–µ–π–¥–∏—Ç–µ –Ω–∞ —Å–∞–π—Ç –ø—Ä–æ–¥–∞–≤—Ü–∞, –≤–≤–µ–¥–∏—Ç–µ –¥–∞–Ω–Ω—ã–µ –ø–∞—Å—Å–∞–∂–∏—Ä–æ–≤, –Ω–æ–º–µ—Ä —Ç–µ–ª–µ—Ñ–æ–Ω–∞, –∞–¥—Ä–µ—Å —ç–ª–µ–∫—Ç—Ä–æ–Ω–Ω–æ–π –ø–æ—á—Ç—ã, –ø–µ—Ä–µ–ø—Ä–æ–≤–µ—Ä—å—Ç–µ –≤—Å–µ –¥–∞–Ω–Ω—ã–µ –∏ –æ–ø–ª–∞—Ç–∏—Ç–µ –±–∏–ª–µ—Ç."
–ö–∞–∫ –≤–∞–∂–Ω–æ –ø–µ—Ä–µ–ø—Ä–æ–≤–µ—Ä–∏—Ç—å –¥–∞–Ω–Ω—ã–µ –ø—Ä–∏ –ø–æ–∫—É–ø–∫–µ –±–∏–ª–µ—Ç–∞ –Ω–∞ —Å–∞–π—Ç–µ –ê–≤–∏–∞—Å–µ–π–ª—Å?,"–ü–µ—Ä–µ–ø—Ä–æ–≤–µ—Ä—å—Ç–µ –∏–º–µ–Ω–∞, —Ñ–∞–º–∏–ª–∏–∏, –ø–∞—Å–ø–æ—Ä—Ç–Ω—ã–µ –¥–∞–Ω–Ω—ã–µ, —Å—Ä–æ–∫ –¥–µ–π—Å—Ç–≤–∏—è –ø–∞—Å–ø–æ—Ä—Ç–∞, –ø—Ä–∞–≤–∏–ª–∞ –≤—ä–µ–∑–¥–∞, –∞–¥—Ä–µ—Å —ç–ª–µ–∫—Ç—Ä–æ–Ω–Ω–æ–π –ø–æ—á—Ç—ã, –¥–∞—Ç—ã, –≥–æ—Ä–æ–¥–∞ –∏ –∞—ç—Ä–æ–ø–æ—Ä—Ç—ã, —á—Ç–æ–±—ã –∏–∑–±–µ–∂–∞—Ç—å –æ—à–∏–±–æ–∫ –∏ –¥–æ–ø–æ–ª–Ω–∏—Ç–µ–ª—å–Ω—ã—Ö –ø—Ä–æ–±–ª–µ–º."
–ß—Ç–æ —Ç–∞–∫–æ–µ –∞—É–¥–∏–æ–ø—Ä–æ–≥—É–ª–∫–∏ –æ—Ç –ê–≤–∏–∞—Å–µ–π–ª—Å –∏ –∫–∞–∫ –Ω–∞ –Ω–∏—Ö –ø–æ–¥–ø–∏—Å–∞—Ç—å—Å—è?,"–ì–æ—Ç–æ–≤—ã–µ –º–∞—Ä—à—Ä—É—Ç—ã –ø–æ 8 –≥–æ—Ä–æ–¥–∞–º —Å –∏–Ω—Ç–µ—Ä–µ—Å–Ω—ã–º–∏ –ª–æ–∫–∞—Ü–∏—è–º–∏, –ª–∞–π—Ñ—Ö–∞–∫–∞–º–∏, –∏ –∏—Å—Ç–æ—Ä–∏—è–º–∏ –æ—Ç –º–µ—Å—Ç–Ω—ã—Ö —ç–∫—Å–ø–µ—Ä—Ç–æ–≤. –ù–∞–π–¥–∏—Ç–µ –≤ —Ä–∞–∑–¥–µ–ª–µ ¬´–ö–æ—Ä–æ—á–µ –æ –≥–æ—Ä–æ–¥–∞—Ö¬ª –Ω–∞ —Å–∞–π—Ç–µ –∏–ª–∏ ¬´–ö–æ—Ä–æ—á–µ¬ª –≤ –ø—Ä–∏–ª–æ–∂–µ–Ω–∏–∏, –æ–ø–ª–∞—Ç–∏—Ç–µ 350 —Ä—É–±–ª–µ–π —á–µ—Ä–µ–∑ Apple ID –∏–ª–∏ –±–∞–Ω–∫–æ–≤—Å–∫—É—é –∫–∞—Ä—Ç—É."
–ì–¥–µ –∏—Å–∫–∞—Ç—å –ø—É—Ç–µ–≤–æ–¥–∏—Ç–µ–ª–∏ –Ω–∞ —Å–∞–π—Ç–µ –∏ –≤ –ø—Ä–∏–ª–æ–∂–µ–Ω–∏–∏ –ê–≤–∏–∞—Å–µ–π–ª—Å?,"–í —Ä–∞–∑–¥–µ–ª–µ ¬´–ö–æ—Ä–æ—á–µ –æ –≥–æ—Ä–æ–¥–∞—Ö¬ª –Ω–∞ —Å–∞–π—Ç–µ –∏–ª–∏ ¬´–ö–æ—Ä–æ—á–µ¬ª –≤ –ø—Ä–∏–ª–æ–∂–µ–Ω–∏–∏, –≥–¥–µ –ø—Ä–µ–¥—Å—Ç–∞–≤–ª–µ–Ω—ã —Ç—Ä–µ–≤–µ–ª-–∫–∞—Ä—Ç—ã, –ø–æ–¥–±–æ—Ä–∫–∏ –º–µ—Å—Ç –ø–æ —Ç–µ–º–∞–º, –∏ –ø–æ–ª–µ–∑–Ω—ã–µ —Å–æ–≤–µ—Ç—ã –æ—Ç –º–µ—Å—Ç–Ω—ã—Ö —ç–∫—Å–ø–µ—Ä—Ç–æ–≤. –ù–µ–∫–æ—Ç–æ—Ä—ã–µ –ø–æ–¥–±–æ—Ä–∫–∏ –¥–æ—Å—Ç—É–ø–Ω—ã –∑–∞ 300 —Ä—É–±–ª–µ–π."
–ö–∞–∫ –ø–æ–ª—É—á–∏—Ç—å —Å–ø—Ä–∞–≤–∫—É –æ —Å—Ç–æ–∏–º–æ—Å—Ç–∏ –ø–æ–ª—ë—Ç–∞ –¥–ª—è –±—É—Ö–≥–∞–ª—Ç–µ—Ä–∏–∏ –ø–æ—Å–ª–µ –ø–æ–∫—É–ø–∫–∏ –±–∏–ª–µ—Ç–∞ –Ω–∞ —Å–∞–π—Ç–µ –ê–≤–∏–∞—Å–µ–π–ª—Å?,"–û–±—Ä–∞—Ç–∏—Ç–µ—Å—å –∫ –ø—Ä–æ–¥–∞–≤—Ü—É, —É –∫–æ—Ç–æ—Ä–æ–≥–æ –±—ã–ª –∫—É–ø–ª–µ–Ω –±–∏–ª–µ—Ç, –∏–ª–∏, –µ—Å–ª–∏ –±–∏–ª–µ—Ç –±—ã–ª –∫—É–ø–ª–µ–Ω –Ω–∞–ø—Ä—è–º—É—é —É –ê–≤–∏–∞—Å–µ–π–ª—Å, —Å–≤—è–∂–∏—Ç–µ—Å—å —Å –ø–æ–¥–¥–µ—Ä–∂–∫–æ–π. –ú–æ–∂–µ—Ç–µ –ø–æ–Ω–∞–¥–æ–±–∏—Ç—å—Å—è –º–∞—Ä—à—Ä—É—Ç–Ω–∞—è –∫–≤–∏—Ç–∞–Ω—Ü–∏—è –∏–ª–∏ –±–∏–ª–µ—Ç, –∏ —Å–ø—Ä–∞–≤–∫–∞ –æ —Å–æ–≤–µ—Ä—à—ë–Ω–Ω–æ–º –ø–µ—Ä–µ–ª—ë—Ç–µ, –∫–æ—Ç–æ—Ä—É—é –º–æ–∂–Ω–æ –∑–∞–º–µ–Ω–∏—Ç—å —Å–ø—Ä–∞–≤–∫–æ–π –æ —Å—Ç–æ–∏–º–æ—Å—Ç–∏ –±–∏–ª–µ—Ç–∞, –µ—Å–ª–∏ –∫–æ–º–ø–∞–Ω–∏—è –Ω–µ –∑–∞—Ä–µ–≥–∏—Å—Ç—Ä–∏—Ä–æ–≤–∞–Ω–∞ –≤ –†–æ—Å—Å–∏–∏."
–ö–∞–∫ –∑–∞–±—Ä–æ–Ω–∏—Ä–æ–≤–∞—Ç—å –±–∏–ª–µ—Ç –Ω–∞ —Å–∞–π—Ç–µ –ê–≤–∏–∞—Å–µ–π–ª—Å?,"–û–ø–ª–∞—Ç–∏—Ç–µ –±–∏–ª–µ—Ç –Ω–∞ —Å–∞–π—Ç–µ –ø—Ä–æ–¥–∞–≤—Ü–∞, –≤—ã–±—Ä–∞–≤ —É–¥–æ–±–Ω—ã–π —Å–ø–æ—Å–æ–± (–∫–∞—Ä—Ç—ã, –Ø–Ω–¥–µ–∫—Å.–î–µ–Ω—å–≥–∏, –Ω–∞–ª–∏—á–Ω—ã–µ). –í —Ç–µ—á–µ–Ω–∏–µ 3 —á–∞—Å–æ–≤ –ø–æ–ª—É—á–∏—Ç–µ –º–∞—Ä—à—Ä—É—Ç–Ω—É—é –∫–≤–∏—Ç–∞–Ω—Ü–∏—é (–±–∏–ª–µ—Ç) –Ω–∞ –ø–æ—á—Ç—É. –ù–µ –æ–±—è–∑–∞—Ç–µ–ª—å–Ω–æ —Ä–∞—Å–ø–µ—á–∞—Ç—ã–≤–∞—Ç—å, –Ω–æ –ø—Ä–æ–≤–µ—Ä—å—Ç–µ –¥–∞–Ω–Ω—ã–µ. –î–ª—è —Ä–µ–≥–∏—Å—Ç—Ä–∞—Ü–∏–∏ –≤ –∞—ç—Ä–æ–ø–æ—Ä—Ç—É –ø–æ–Ω–∞–¥–æ–±–∏—Ç—Å—è –ø–∞—Å–ø–æ—Ä—Ç."
–ú–æ–∂–Ω–æ –ª–∏ –∑–∞–±—Ä–æ–Ω–∏—Ä–æ–≤–∞—Ç—å –±–∏–ª–µ—Ç –±–µ–∑ –æ–ø–ª–∞—Ç—ã –Ω–∞ —Å–∞–π—Ç–µ –ê–≤–∏–∞—Å–µ–π–ª—Å?,–ú–∞–ª–æ –∫—Ç–æ –∏–∑ –ø–∞—Ä—Ç–Ω—ë—Ä–æ–≤ —Ä–∞–∑—Ä–µ—à–∞–µ—Ç –±—Ä–æ–Ω–∏—Ä–æ–≤–∞–Ω–∏–µ –±–µ–∑ –æ–ø–ª–∞—Ç—ã. –ò–Ω—Ñ–æ—Ä–º–∞—Ü–∏—è –æ —Ç–∞–∫–∏—Ö –ø–∞—Ä—Ç–Ω—ë—Ä–∞—Ö —Å–æ–±—Ä–∞–Ω–∞ –≤ –æ—Ç–¥–µ–ª—å–Ω–æ–π —Å—Ç–∞—Ç—å–µ ¬´–ö–∞–∫ –∑–∞–±—Ä–æ–Ω–∏—Ä–æ–≤–∞—Ç—å –±–∏–ª–µ—Ç –±–µ–∑ –æ–ø–ª–∞—Ç—ã¬ª.
–ö–∞–∫ –Ω–∞–π—Ç–∏ –∏ –∫—É–ø–∏—Ç—å —Å–∞–º—ã–µ –¥–µ—à—ë–≤—ã–µ –∞–≤–∏–∞–±–∏–ª–µ—Ç—ã –Ω–∞ —Å–∞–π—Ç–µ –ê–≤–∏–∞—Å–µ–π–ª—Å?,"–ò—Å–ø–æ–ª—å–∑—É–π—Ç–µ –∏–Ω—Å—Ç—Ä—É–º–µ–Ω—Ç—ã: ¬´–ò–∑–±—Ä–∞–Ω–Ω–æ–µ¬ª –¥–ª—è —Å—Ä–∞–≤–Ω–µ–Ω–∏—è —Ü–µ–Ω, –ö–∞–ª–µ–Ω–¥–∞—Ä—å —Ü–µ–Ω –¥–ª—è –≤—ã–±–æ—Ä–∞ –¥–µ—à—ë–≤—ã—Ö –¥–Ω–µ–π, –ö–∞—Ä—Ç–∞ –Ω–∏–∑–∫–∏—Ö —Ü–µ–Ω –¥–ª—è –ø–æ–ø—É–ª—è—Ä–Ω—ã—Ö –Ω–∞–ø—Ä–∞–≤–ª–µ–Ω–∏–π, –ì–æ—Ä—è—á–∏–µ –±–∏–ª–µ—Ç—ã –¥–ª—è –∞–Ω–æ–º–∞–ª—å–Ω–æ –¥–µ—à—ë–≤—ã—Ö –ø—Ä–µ–¥–ª–æ–∂–µ–Ω–∏–π, –ü–æ–¥–ø–∏—Å–∫–∞ –Ω–∞ —É–º–Ω—É—é —Ä–∞—Å—Å—ã–ª–∫—É –¥–ª—è –ø–µ—Ä—Å–æ–Ω–∞–ª—å–Ω—ã—Ö –ø–æ–¥–±–æ—Ä–æ–∫, –¢–µ–ª–µ–≥—Ä–∞–º-–±–æ—Ç –Ω–∏–∑–∫–∏—Ö —Ü–µ–Ω –¥–ª—è —É–≤–µ–¥–æ–º–ª–µ–Ω–∏–π, –ö–∞–Ω–∞–ª –≤ –¢–µ–ª–µ–≥—Ä–∞–º–µ –¥–ª—è –∞–∫—Ü–∏–π –∏ —Å–ø–µ—Ü–ø—Ä–µ–¥–ª–æ–∂–µ–Ω–∏–π. –ß–∏—Ç–∞–π—Ç–µ —Å—Ç–∞—Ç—å—é ¬´–ö–∞–∫ —Å—ç–∫–æ–Ω–æ–º–∏—Ç—å –Ω–∞ –ø–æ–∫—É–ø–∫–µ –∞–≤–∏–∞–±–∏–ª–µ—Ç–æ–≤ –≤ 2024¬ª."
–ö–∞–∫ —Å–ª–µ–¥–∏—Ç—å –∑–∞ —Ü–µ–Ω–∞–º–∏ –Ω–∞ –±–∏–ª–µ—Ç—ã –Ω–∞ —Å–∞–π—Ç–µ –ê–≤–∏–∞—Å–µ–π–ª—Å?,"–î–æ–±–∞–≤—å—Ç–µ –±–∏–ª–µ—Ç –∏–ª–∏ –≤—Å—ë –Ω–∞–ø—Ä–∞–≤–ª–µ–Ω–∏–µ –≤ ¬´–ò–∑–±—Ä–∞–Ω–Ω–æ–µ¬ª, –∞–≤—Ç–æ—Ä–∏–∑—É–π—Ç–µ—Å—å –∏ –ø–æ–ª—É—á–∞–π—Ç–µ —É–≤–µ–¥–æ–º–ª–µ–Ω–∏—è –æ–± –∏–∑–º–µ–Ω–µ–Ω–∏–∏ —Ü–µ–Ω—ã. –£–ø—Ä–∞–≤–ª—è–π—Ç–µ –ø–æ–¥–ø–∏—Å–∫–∞–º–∏ –∏ —É–≤–µ–¥–æ–º–ª–µ–Ω–∏—è–º–∏ –≤ —Ä–∞–∑–¥–µ–ª–µ ¬´–ò–∑–±—Ä–∞–Ω–Ω–æ–µ¬ª."
"–ú–æ–≥—É –ª–∏ —è –±—ã—Ç—å —É–≤–µ—Ä–µ–Ω, —á—Ç–æ –Ω–µ —Å—Ç–∞–Ω—É –∂–µ—Ä—Ç–≤–æ–π –º–æ—à–µ–Ω–Ω–∏–∫–æ–≤, –ø–æ–∫—É–ø–∞—è –±–∏–ª–µ—Ç –Ω–∞ —Å–∞–π—Ç–µ –ê–≤–∏–∞—Å–µ–π–ª—Å?","–í—Å–µ –ø–∞—Ä—Ç–Ω—ë—Ä—ã –ø—Ä–æ—Ö–æ–¥—è—Ç —Ç—â–∞—Ç–µ–ª—å–Ω—É—é –ø—Ä–æ–≤–µ—Ä–∫—É. –ü—Ä–æ–≤–µ—Ä—å—Ç–µ –±–∏–ª–µ—Ç —Å–∞–º–æ—Å—Ç–æ—è—Ç–µ–ª—å–Ω–æ –Ω–∞ —Å–∞–π—Ç–µ –∞–≤–∏–∞–∫–æ–º–ø–∞–Ω–∏–∏, –∏—Å–ø–æ–ª—å–∑—É—è –Ω–æ–º–µ—Ä PNR –∏–ª–∏ –Ω–æ–º–µ—Ä –∑–∞–∫–∞–∑–∞. –ò—Å–ø–æ–ª—å–∑—É–π—Ç–µ —Å–µ—Ä–≤–∏—Å –Ω–∞—Å—Ç–æ—è—â–∏–π–±–∏–ª–µ—Ç.—Ä—Ñ –¥–ª—è –ø—Ä–æ–≤–µ—Ä–∫–∏ —Å–∞–π—Ç–æ–≤ –Ω–∞ ¬´—Ñ–µ–π–∫–æ–≤–æ—Å—Ç—å¬ª."
–ò–∑ —á–µ–≥–æ —Å–∫–ª–∞–¥—ã–≤–∞–µ—Ç—Å—è —Ü–µ–Ω–∞ –Ω–∞¬†–±–∏–ª–µ—Ç,"–¶–µ–Ω–∞ —Å–∫–ª–∞–¥—ã–≤–∞–µ—Ç—Å—è –∏–∑¬†–¥–≤—É—Ö –∫–æ–º–ø–æ–Ω–µ–Ω—Ç–æ–≤¬†‚Äî —Ç–∞—Ä–∏—Ñ–∞ –∏¬†—Ç–∞–∫—Å—ã.–¢–∞—Ä–∏—Ñ¬†‚Äî —ç—Ç–æ —Å—Ç–æ–∏–º–æ—Å—Ç—å –ø–µ—Ä–µ–ª—ë—Ç–∞, —É—Å—Ç–∞–Ω–æ–≤–ª–µ–Ω–Ω–∞—è –∞–≤–∏–∞–∫–æ–º–ø–∞–Ω–∏–µ–π. –û–Ω¬†–∑–∞–≤–∏—Å–∏—Ç –æ—Ç¬†–ø–æ–ª–∏—Ç–∏–∫–∏ –ø–µ—Ä–µ–≤–æ–∑—á–∏–∫–∞, –ø—Ä–æ—Ç—è–∂—ë–Ω–Ω–æ—Å—Ç–∏ –º–∞—Ä—à—Ä—É—Ç–∞, –∫–ª–∞—Å—Å–∞ –±—Ä–æ–Ω–∏—Ä–æ–≤–∞–Ω–∏—è –∏¬†—Å–µ–∑–æ–Ω–∞.–¢–∞–∫—Å—ã¬†‚Äî —ç—Ç–æ –≤—Å–µ–≤–æ–∑–º–æ–∂–Ω—ã–µ —Å–±–æ—Ä—ã –∑–∞¬†–æ–±—Å–ª—É–∂–∏–≤–∞–Ω–∏–µ —Å–∞–º–æ–ª—ë—Ç–∞: —Ç–æ–ø–ª–∏–≤–Ω—ã–µ, —Å—Ç—Ä–∞—Ö–æ–≤—ã–µ, —Å–µ—Ä–≤–∏—Å–Ω—ã–µ. –°—é–¥–∞ –∂–µ¬†–≤—Ö–æ–¥—è—Ç –≥–æ—Å—É–¥–∞—Ä—Å—Ç–≤–µ–Ω–Ω—ã–µ –Ω–∞–ª–æ–≥–∏ –∏¬†–ø–ª–∞—Ç–∞ –∑–∞¬†—Å–∞–º–æ —Ç–æ–ø–ª–∏–≤–æ."
–ú–æ–≥—É—Ç –ª–∏¬†–æ—Ç–ª–∏—á–∞—Ç—å—Å—è —Ü–µ–Ω—ã –≤¬†–ø—Ä–∏–ª–æ–∂–µ–Ω–∏–∏ –∏¬†–Ω–∞ —Å–∞–π—Ç–µ,"–ï—Å—Ç—å –Ω–µ—Å–∫–æ–ª—å–∫–æ –º–∏—Ñ–æ–≤ –∏¬†–ª–µ–≥–µ–Ω–¥ –æ–±¬†–ê–≤–∏–∞—Å–µ–π–ª—Å. –í–æ—Ç –Ω–∞—à –ª—é–±–∏–º—ã–π: –µ—Å–ª–∏¬†–∏—Å–∫–∞—Ç—å —Å¬†—Ä–∞–∑–Ω—ã—Ö —É—Å—Ç—Ä–æ–π—Å—Ç–≤, —Ü–µ–Ω–∞ –Ω–∞¬†–±–∏–ª–µ—Ç—ã –±—É–¥–µ—Ç —Ä–∞–∑–Ω–∞—è. –ï—â—ë –ø–æ–≥–æ–≤–∞—Ä–∏–≤–∞—é—Ç, —á—Ç–æ —Å¬†Android –±–∏–ª–µ—Ç—ã –¥–µ—à–µ–≤–ª–µ. –ê¬†—Å–∞–º—ã–µ –ø—Ä–æ–¥–≤–∏–Ω—É—Ç—ã–µ –∑–Ω–∞—Ç–æ–∫–∏ –º–∏—Ñ–æ–ª–æ–≥–∏–∏ —É–±–µ–∂–¥–µ–Ω—ã, —á—Ç–æ –ê–≤–∏–∞—Å–µ–π–ª—Å —Å–ø–µ—Ü–∏–∞–ª—å–Ω–æ –ø–æ–≤—ã—à–∞–µ—Ç —Ü–µ–Ω—É –Ω–∞¬†–±–∏–ª–µ—Ç—ã, –µ—Å–ª–∏ –∑–∞–ø—É—Å–∫–∞—Ç—å –ø–æ–∏—Å–∫ –Ω–µ—Å–∫–æ–ª—å–∫–æ —Ä–∞–∑. –ó–≤—É—á–∏—Ç –∑–∞—Ö–≤–∞—Ç—ã–≤–∞—é—â–µ, –Ω–æ¬†–≤—Å—ë –Ω–µ¬†—Ç–∞–∫: –∏¬†–Ω–∞ –¥–µ—Å—è—Ç—ã–π, –∏¬†–Ω–∞ —Å–æ—Ç—ã–π –ø–æ–∏—Å–∫ —Ü–µ–Ω—ã –Ω–∏–∫–∞–∫ –Ω–µ¬†–±—É–¥—É—Ç –∑–∞–≤–∏—Å–µ—Ç—å –æ—Ç¬†–ê–≤–∏–∞—Å–µ–π–ª—Å¬†‚Äî –º—ã¬†–Ω–µ –≤–ª–∏—è–µ–º –Ω–∞¬†—Ü–µ–Ω–æ–æ–±—Ä–∞–∑–æ–≤–∞–Ω–∏–µ. –ê–≤–∏–∞—Å–µ–π–ª—Å –Ω–∞—Ö–æ–¥–∏—Ç –ª—É—á—à–∏–µ –≤–∞—Ä–∏–∞–Ω—Ç—ã –ø–µ—Ä–µ–ª—ë—Ç–æ–≤, –∫–æ—Ç–æ—Ä—ã–µ –º–æ–∂–Ω–æ –æ–ø–ª–∞—Ç–∏—Ç—å —á–µ—Ä–µ–∑ –ø—Ä–æ–¥–∞–≤—Ü–æ–≤¬†‚Äî –∞–≥–µ–Ω—Ç—Å—Ç–≤–∞ –∏–ª–∏ –∞–≤–∏–∞–∫–æ–º–ø–∞–Ω–∏–∏. –ú—ã¬†–æ—Ç–æ–±—Ä–∞–∂–∞–µ–º —Ç–æ–ª—å–∫–æ —Ç–µ¬†—Ü–µ–Ω—ã, –∫–æ—Ç–æ—Ä—ã–µ –ø–µ—Ä–µ–¥–∞—é—Ç –Ω–∞–º –ø—Ä–æ–¥–∞–≤—Ü—ã. –ò¬†–µ—Å–ª–∏ –ø—Ä–æ–¥–∞–≤–µ—Ü –æ–¥–∏–Ω –∏¬†—Ç–æ—Ç –∂–µ, —Ç–æ¬†–Ω–∞ —Å–∞–π—Ç–µ –∏¬†–≤ –ø—Ä–∏–ª–æ–∂–µ–Ω–∏–∏ —Ü–µ–Ω–∞ –æ—Ç¬†–Ω–µ–≥–æ –±—É–¥–µ—Ç –æ–¥–∏–Ω–∞–∫–æ–≤–æ–π.–ï—Å—Ç—å –æ–¥–∏–Ω —Ç–µ—Ö–Ω–∏—á–µ—Å–∫–∏–π –Ω—é–∞–Ω—Å, –∏–∑‚Äë–∑–∞ –∫–æ—Ç–æ—Ä–æ–≥–æ —Ü–µ–Ω–∞ –ø–æ—Ä–æ–π –º–æ–∂–µ—Ç –æ—Ç–ª–∏—á–∞—Ç—å—Å—è: –µ—Å–ª–∏ –Ω–∞¬†—Å–∞–π—Ç–µ –±–∏–ª–µ—Ç –ø—Ä–µ–¥–ª–∞–≥–∞—é—Ç –æ–¥–Ω–∏ –ø—Ä–æ–¥–∞–≤—Ü—ã,
–∞¬†–≤ –ø—Ä–∏–ª–æ–∂–µ–Ω–∏–∏¬†‚Äî –¥—Ä—É–≥–∏–µ. –ù–µ–∫–æ—Ç–æ—Ä—ã–µ –ø—Ä–æ–¥–∞–≤—Ü—ã –Ω–µ¬†–∞–¥–∞–ø—Ç–∏—Ä—É—é—Ç —Å–≤–æ–∏ —Å–∞–π—Ç—ã –ø–æ–¥ –º–æ–±–∏–ª—å–Ω—ã–µ —É—Å—Ç—Ä–æ–π—Å—Ç–≤–∞, –ø–æ—ç—Ç–æ–º—É –∏—Ö¬†–±–∏–ª–µ—Ç—ã –º—ã¬†–ø–æ–∫–∞–∑—ã–≤–∞–µ–º —Ç–æ–ª—å–∫–æ –≤¬†–≤–µ–±‚Äë–≤–µ—Ä—Å–∏–∏ –ê–≤–∏–∞—Å–µ–π–ª—Å."
"–ß—Ç–æ –¥–µ–ª–∞—Ç—å, –µ—Å–ª–∏ –ø—Ä–∏ –ø–µ—Ä–µ—Ö–æ–¥–µ –Ω–∞¬†—Å–∞–π—Ç –ø—Ä–æ–¥–∞–≤—Ü–∞ —Ü–µ–Ω–∞ –Ω–µ¬†—Å–æ–≤–ø–∞–¥–∞–µ—Ç —Å¬†—Ç–æ–π, —á—Ç–æ –±—ã–ª–∞ –≤¬†–ø–æ–∏—Å–∫–µ","–ï—Å–ª–∏ —ç—Ç–æ –¥–ª–∏—Ç—Å—è –º–µ–Ω—å—à–µ —á–∞—Å–∞¬†‚Äî –≤—Å—ë –Ω–æ—Ä–º–∞–ª—å–Ω–æ. –ú–µ—Å—Ç–∞ –æ–≥—Ä–∞–Ω–∏—á–µ–Ω—ã, –ø–æ¬†–º–µ—Ä–µ –∑–∞–ø–æ–ª–Ω–µ–Ω–∏—è —Å–∞–º–æ–ª—ë—Ç–∞ —Ü–µ–Ω–∞ –Ω–∞¬†–∞–≤–∏–∞–±–∏–ª–µ—Ç –ø–æ–≤—ã—à–∞–µ—Ç—Å—è. –ê¬†–µ—â—ë –±–∏–ª–µ—Ç—ã –æ—á–µ–Ω—å –±—ã—Å—Ç—Ä–æ –∑–∞–∫–∞–Ω—á–∏–≤–∞—é—Ç—Å—è.–ú—ã —Å–æ–±–∏—Ä–∞–µ–º –∏–Ω—Ñ–æ—Ä–º–∞—Ü–∏—é —É¬†—Å–≤–æ–∏—Ö –ø–∞—Ä—Ç–Ω—ë—Ä–æ–≤, –∞¬†–æ–Ω–∏¬†‚Äî —É¬†–≥–ª–æ–±–∞–ª—å–Ω–æ–π —Å–∏—Å—Ç–µ–º—ã –±—Ä–æ–Ω–∏—Ä–æ–≤–∞–Ω–∏—è. –ê–≤–∏–∞–∫–æ–º–ø–∞–Ω–∏–∏ –∏¬†–∞–≥–µ–Ω—Ç—Å—Ç–≤–∞ –¥–µ–ª–∞—é—Ç –∑–∞–ø—Ä–æ—Å—ã –ø–æ¬†–æ–¥–∏–Ω–∞–∫–æ–≤—ã–º –ø–∞—Ä–∞–º–µ—Ç—Ä–∞–º —Ä–∞–∑ –≤¬†–ø–æ–ª—á–∞—Å–∞‚Äë—á–∞—Å. –ù–∞–ø—Ä–∏–º–µ—Ä, –µ—Å–ª–∏ –Ω–µ–¥–∞–≤–Ω–æ
–¥–æ¬†–≤–∞—Å –∫—Ç–æ‚Äë—Ç–æ –∏—Å–∫–∞–ª –±–∏–ª–µ—Ç —Å¬†—Ç–∞–∫–∏–º–∏ –∂–µ¬†–ø–∞—Ä–∞–º–µ—Ç—Ä–∞–º–∏, –∞–≥–µ–Ω—Ç—Å—Ç–≤–∞ –∑–∞–ø—Ä–æ—Å–∏–ª–∏ —ç—Ç—É –∏–Ω—Ñ–æ—Ä–º–∞—Ü–∏—é, —Å–æ—Ö—Ä–∞–Ω–∏–ª–∏ –µ—ë, –ø–æ–∫–∞–∑–∞–ª–∏ –Ω–∞–º, –∞¬†–º—ã¬†‚Äî –≤–∞–º.–ö–æ–≥–¥–∞ –≤—ã¬†–ø–µ—Ä–µ—Ö–æ–¥–∏—Ç–µ –∫¬†–ø–æ–∫—É–ø–∫–µ –±–∏–ª–µ—Ç–∞, –ø—Ä–æ–¥–∞–≤–µ—Ü –æ–±—è–∑–∞–Ω —Å–Ω–æ–≤–∞ –∑–∞–ø—Ä–æ—Å–∏—Ç—å –∏–Ω—Ñ–æ—Ä–º–∞—Ü–∏—é —É¬†—Å–∏—Å—Ç–µ–º—ã –±—Ä–æ–Ω–∏—Ä–æ–≤–∞–Ω–∏—è. –¢–æ–≥–¥–∞ —Å–∏—Å—Ç–µ–º–∞ –º–æ–∂–µ—Ç –æ—Ç–≤–µ—Ç–∏—Ç—å, —á—Ç–æ –±–∏–ª–µ—Ç–æ–≤ —É–∂–µ –Ω–µ—Ç –∏–ª–∏ –æ–Ω–∏ –ø–æ–¥–æ—Ä–æ–∂–∞–ª–∏.–ü—Ä–∏–º–µ—Ä–Ω–æ –≤¬†—Ç–µ—á–µ–Ω–∏–µ —á–∞—Å–∞ –∏–Ω—Ñ–æ—Ä–º–∞—Ü–∏—è –¥–æ–ª–∂–Ω–∞ –æ–±–Ω–æ–≤–∏—Ç—å—Å—è¬†‚Äî –≤¬†–ø–æ–∏—Å–∫–µ –æ—Ç–æ–±—Ä–∞–∑–∏—Ç—Å—è –Ω–æ–≤–∞—è —Ü–µ–Ω–∞ –∏–ª–∏ –±–∏–ª–µ—Ç –∏—Å—á–µ–∑–Ω–µ—Ç.–ï—Å–ª–∏ —Ü–µ–Ω—ã –Ω–µ¬†–æ–±–Ω–æ–≤–ª—è—é—Ç—Å—è –±–æ–ª—å—à–µ —á–∞—Å–∞–≠—Ç–æ —Ç–æ—á–Ω–æ –æ—à–∏–±–∫–∞. –ï—Å–ª–∏ –≤—ã¬†—Å—Ç–æ–ª–∫–Ω—É–ª–∏—Å—å —Å¬†—Ç–∞–∫–æ–π –ø—Ä–æ–±–ª–µ–º–æ–π, –Ω–∞–ø–∏—à–∏—Ç–µ –Ω–∞–º –≤¬†–æ–¥–∏–Ω –∏–∑¬†–∫–∞–Ω–∞–ª–æ–≤ —Å–≤—è–∑–∏ –≤–Ω–∏–∑—É —Å—Ç—Ä–∞–Ω–∏—Ü—ã. –ú—ã¬†—Å–≤—è–∂–µ–º—Å—è —Å¬†–ø–∞—Ä—Ç–Ω—ë—Ä–∞–º–∏ –∏¬†–ø–æ–ø—Ä–æ—Å–∏–º –ø–æ—Å–∫–æ—Ä–µ–µ –≤—Å—ë –∏—Å–ø—Ä–∞–≤–∏—Ç—å."
–ü–æ—á–µ–º—É —É¬†—Ä–∞–∑–Ω—ã—Ö –ø—Ä–æ–¥–∞–≤—Ü–æ–≤ –æ—Ç–ª–∏—á–∞—é—Ç—Å—è —Ü–µ–Ω—ã –Ω–∞¬†–æ–¥–∏–Ω –∏¬†—Ç–æ—Ç –∂–µ¬†–±–∏–ª–µ—Ç,"–í—Å—ë –∑–∞–≤–∏—Å–∏—Ç –æ—Ç¬†–ø–æ–ª–∏—Ç–∏–∫–∏ —Ü–µ–Ω–æ–æ–±—Ä–∞–∑–æ–≤–∞–Ω–∏—è —É¬†–∫–æ–Ω–∫—Ä–µ—Ç–Ω–æ–≥–æ –ø—Ä–æ–¥–∞–≤—Ü–∞.–ë–∏–ª–µ—Ç–Ω—ã–µ –∞–≥–µ–Ω—Ç—Å—Ç–≤–∞ —Å–∞–º–∏ —Ñ–æ—Ä–º–∏—Ä—É—é—Ç –∏—Ç–æ–≥–æ–≤—É—é —Ü–µ–Ω—É –Ω–∞¬†–±–∏–ª–µ—Ç –≤¬†–∑–∞–≤–∏—Å–∏–º–æ—Å—Ç–∏ –æ—Ç¬†—Å–≤–æ–∏—Ö –¥–æ—Ö–æ–¥–æ–≤ –∏¬†—Ä–∞—Å—Ö–æ–¥–æ–≤. –ï—Å–ª–∏ –∞–≥–µ–Ω—Ç—Å—Ç–≤–æ –∫—Ä—É–ø–Ω–æ–µ –∏¬†–ø—Ä–æ–¥–∞—ë—Ç –º–Ω–æ–≥–æ –±–∏–ª–µ—Ç–æ–≤, –∞–≤–∏–∞–∫–æ–º–ø–∞–Ω–∏–∏ –ø–ª–∞—Ç—è—Ç –µ–º—É –∫–æ–º–∏—Å—Å–∏—é. –¢–∞–∫–æ–µ –∞–≥–µ–Ω—Ç—Å—Ç–≤–æ –±—É–¥–µ—Ç –≤—Å–µ–≥–¥–∞ ¬´–≤ –ø–ª—é—Å–µ¬ª, –ø–æ—ç—Ç–æ–º—É –º–æ–∂–µ—Ç –ø–æ–∑–≤–æ–ª–∏—Ç—å —Å–µ–±–µ –ø—Ä–æ–¥–∞–≤–∞—Ç—å –±–∏–ª–µ—Ç—ã –¥–µ—à–µ–≤–ª–µ, —á–µ–º –µ–≥–æ –∫–æ–Ω–∫—É—Ä–µ–Ω—Ç—ã.–ï—Å–ª–∏ —É¬†–ø—Ä–æ–¥–∞–≤—Ü–∞ —Ä–∞—Å—Ö–æ–¥—ã –ø—Ä–µ–≤—ã—à–∞—é—Ç –¥–æ—Ö–æ–¥—ã, –æ–Ω¬†–º–æ–∂–µ—Ç —Å–¥–µ–ª–∞—Ç—å –Ω–µ–±–æ–ª—å—à—É—é –Ω–∞—Ü–µ–Ω–∫—É –Ω–∞¬†–±–∏–ª–µ—Ç—ã."
–£ –º–µ–Ω—è –±–∏–ª–µ—Ç —Å¬†–ø–µ—Ä–µ—Å–∞–¥–∫–æ–π. –•–æ—á—É –≤—ã–π—Ç–∏ –Ω–∞¬†–ø–µ—Ä–µ—Å–∞–¥–∫–µ –∏¬†–Ω–µ –ª–µ—Ç–µ—Ç—å –¥–∞–ª—å—à–µ. –ö–∞–∫–∏–µ –ø–æ–¥–≤–æ–¥–Ω—ã–µ –∫–∞–º–Ω–∏?,"–°—É—â–µ—Å—Ç–≤—É–µ—Ç —Ç–∞–∫–æ–µ –ø–æ–Ω—è—Ç–∏–µ, –∫–∞–∫ Hidden city ticketing –∏–ª–∏ –±–∏–ª–µ—Ç—ã —Å–æ¬†—Å–∫—Ä—ã—Ç—ã–º –≥–æ—Ä–æ–¥–æ–º¬†‚Äî —ç—Ç–æ –∫–æ–≥–¥–∞ –≤¬†–±–∏–ª–µ—Ç–µ –µ—Å—Ç—å –ø–µ—Ä–µ—Å–∞–¥–∫–∞, –Ω–æ¬†–ø–∞—Å—Å–∞–∂–∏—Ä –≤—ã—Ö–æ–¥–∏—Ç –Ω–∞¬†–Ω–µ–π –∏¬†–Ω–µ –ª–µ—Ç–∏—Ç –¥–æ¬†–∫–æ–Ω–µ—á–Ω–æ–≥–æ –ø—É–Ω–∫—Ç–∞ –Ω–∞–∑–Ω–∞—á–µ–Ω–∏—è. –ò–Ω–æ–≥–¥–∞ —Ç–∞–∫–∏–µ –±–∏–ª–µ—Ç—ã —Å—Ç–æ—è—Ç –¥–µ—à–µ–≤–ª–µ, —á–µ–º –ø—Ä—è–º–æ–π –ø–µ—Ä–µ–ª—ë—Ç –≤¬†–≥–æ—Ä–æ–¥ –ø–µ—Ä–µ—Å–∞–¥–∫–∏, –ø–æ—ç—Ç–æ–º—É –∞–≥–µ–Ω—Ç—Å—Ç–≤–∞ –∏¬†–∞–≤–∏–∞–∫–æ–º–ø–∞–Ω–∏–∏ –ø—Ä–µ–¥–ª–∞–≥–∞—é—Ç –∏—Ö¬†–∫–∞–∫ –±–æ–ª–µ–µ –≤—ã–≥–æ–¥–Ω—ã–µ. –ü–æ–∫—É–ø–∞—è –±–∏–ª–µ—Ç —Ç–æ–ª—å–∫–æ –≤¬†–æ–¥–Ω—É —Å—Ç–æ—Ä–æ–Ω—É, –≤—ã¬†–º–æ–∂–µ—Ç–µ –≤—ã–π—Ç–∏ –≤¬†–ø—Ä–æ–º–µ–∂—É—Ç–æ—á–Ω–æ–π —Ç–æ—á–∫–µ, –Ω–æ¬†—Ç–æ–≥–¥–∞ –ø–µ—Ä–µ–≤–æ–∑—á–∏–∫ –∞–Ω–Ω—É–ª–∏—Ä—É–µ—Ç –≤—Å–µ –æ—Å—Ç–∞–≤—à–∏–µ—Å—è —Å–µ–≥–º–µ–Ω—Ç—ã¬†‚Äî –ø–µ—Ä–µ–ª—ë—Ç—ã –¥–æ¬†–∫–æ–Ω–µ—á–Ω–æ–≥–æ –ø—É–Ω–∫—Ç–∞.–ï—Å–ª–∏ –≤–∞—à —Ç–∞—Ä–∏—Ñ –ø—Ä–µ–¥—É—Å–º–∞—Ç—Ä–∏–≤–∞–µ—Ç –æ–±–º–µ–Ω/–≤–æ–∑–≤—Ä–∞—Ç, –≤—ã¬†—Å–º–æ–∂–µ—Ç–µ –≤–µ—Ä–Ω—É—Ç—å –¥–µ–Ω—å–≥–∏ –∑–∞¬†–Ω–µ–∏—Å–ø–æ–ª—å–∑–æ–≤–∞–Ω–Ω—ã–µ —Å–µ–≥–º–µ–Ω—Ç—ã –∏–ª–∏ –æ–±–º–µ–Ω—è—Ç—å –∏—Ö¬†–Ω–∞ –¥—Ä—É–≥–∏–µ. –î–ª—è¬†—ç—Ç–æ–≥–æ –Ω—É–∂–Ω–æ –æ–±—Ä–∞—Ç–∏—Ç—å—Å—è –∫¬†–ø—Ä–æ–¥–∞–≤—Ü—É.–ï—Å–ª–∏ –≤—ã¬†—Ö–æ—Ç–∏—Ç–µ –ø—Ä–æ–ø—É—Å—Ç–∏—Ç—å –ø–µ—Ä–≤—ã–π —Å–µ–≥–º–µ–Ω—Ç –ø–µ—Ä–µ–ª—ë—Ç–∞ –∏¬†—Å–µ—Å—Ç—å –Ω–∞¬†—Å–∞–º–æ–ª—ë—Ç –≤¬†–ø—Ä–æ–º–µ–∂—É—Ç–æ—á–Ω–æ–º –ø—É–Ω–∫—Ç–µ, —Ç–∞–∫ —Å–¥–µ–ª–∞—Ç—å –Ω–µ¬†–ø–æ–ª—É—á–∏—Ç—Å—è. –ü—Ä–∏ –Ω–µ—è–≤–∫–µ –Ω–∞¬†–ø–µ—Ä–≤—ã–π —Å–µ–≥–º–µ–Ω—Ç –∞–Ω–Ω—É–ª–∏—Ä—É—é—Ç –≤—Å–µ –ø–æ—Å–ª–µ–¥—É—é—â–∏–µ.–ü–æ—á–µ–º—É –±–∏–ª–µ—Ç—ã –∞–Ω–Ω—É–ª–∏—Ä—É—é—Ç, –µ—Å–ª–∏ –≤—ã¬†–ø—Ä–æ–ø—É—Å—Ç–∏–ª–∏ –∫–∞–∫–æ–π‚Äë—Ç–æ —É—á–∞—Å—Ç–æ–∫ –º–∞—Ä—à—Ä—É—Ç–∞–ë–æ–ª—å—à–∏–Ω—Å—Ç–≤–æ –∞–≤–∏–∞–∫–æ–º–ø–∞–Ω–∏–π –º–∏—Ä–∞ –∞–Ω–Ω—É–ª–∏—Ä—É–µ—Ç –≤—Å–µ –ø–æ—Å–ª–µ–¥—É—é—â–∏–µ —Å–µ–≥–º–µ–Ω—Ç—ã –ø–µ—Ä–µ–ª—ë—Ç–∞, –µ—Å–ª–∏ –≤—ã¬†–Ω–µ —è–≤–∏–ª–∏—Å—å –Ω–∞¬†–æ–¥–∏–Ω –∏–∑¬†–Ω–∏—Ö. –≠—Ç–æ —Ñ–µ–¥–µ—Ä–∞–ª—å–Ω–æ–µ –∞–≤–∏–∞—Ü–∏–æ–Ω–Ω–æ–µ –ø—Ä–∞–≤–∏–ª–æ.–°–∞–º–æ –ø—Ä–∞–≤–∏–ª–æ –Ω–∞–∑—ã–≤–∞–µ—Ç—Å—è NO SHOW. –ü–∞—Å—Å–∞–∂–∏—Ä –¥–æ–ª–∂–µ–Ω –ø—Ä–µ–¥—É–ø—Ä–µ–¥–∏—Ç—å –∞–≤–∏–∞–∫–æ–º–ø–∞–Ω–∏—é, —á—Ç–æ –Ω–µ¬†–≤–æ—Å–ø–æ–ª—å–∑—É–µ—Ç—Å—è –º–µ—Å—Ç–æ–º –Ω–∞¬†–∫–∞–∫–æ–º‚Äë—Ç–æ —É—á–∞—Å—Ç–∫–µ –º–∞—Ä—à—Ä—É—Ç–∞, –∏–Ω–∞—á–µ –ø–µ—Ä–µ–≤–æ–∑—á–∏–∫ –º–æ–∂–µ—Ç –±–µ–∑ –ø—Ä–µ–¥—É–ø—Ä–µ–∂–¥–µ–Ω–∏—è –æ—Ç–º–µ–Ω–∏—Ç—å –≤—Å–µ –±—Ä–æ–Ω–∏—Ä–æ–≤–∞–Ω–∏—è. –û–Ω–æ –¥–µ–π—Å—Ç–≤—É–µ—Ç, –µ—Å–ª–∏ —É¬†–≤–∞—Å –µ–¥–∏–Ω—ã–π –±–∏–ª–µ—Ç¬†‚Äî —Ç–æ¬†–µ—Å—Ç—å –Ω–µ—Å–∫–æ–ª—å–∫–æ —Å–µ–≥–º–µ–Ω—Ç–æ–≤ –º–∞—Ä—à—Ä—É—Ç–∞ –Ω–∞¬†–æ–¥–Ω–æ–º –±–ª–∞–Ω–∫–µ. –¢–∞–∫–∏–µ –ø–µ—Ä–µ–ª—ë—Ç—ã —Å–≤—è–∑–∞–Ω—ã, –ø–æ—Ç–æ–º—É —á—Ç–æ –∏—Ö¬†–≤—ã–ø–æ–ª–Ω—è–µ—Ç –æ–¥–Ω–∞ –∞–≤–∏–∞–∫–æ–º–ø–∞–Ω–∏—è –∏–ª–∏ –ø–µ—Ä–µ–≤–æ–∑—á–∏–∫–∏ —Å¬†–ø–∞—Ä—Ç–Ω—ë—Ä—Å–∫–∏–º —Å–æ–≥–ª–∞—à–µ–Ω–∏–µ–º –∏¬†–∏–∑ –æ–¥–Ω–æ–≥–æ –∞–ª—å—è–Ω—Å–∞.–û—Ç–ª–∏—á–∏—Ç—å —Ç–∞–∫–∏–µ –±–∏–ª–µ—Ç—ã –º–æ–∂–Ω–æ –ø–æ¬†PNR¬†‚Äî —ç—Ç–æ Passenger Name Record –∏–ª–∏ –∫–æ–¥ –±—Ä–æ–Ω–∏—Ä–æ–≤–∞–Ω–∏—è –∞–≤–∏–∞–∫–æ–º–ø–∞–Ω–∏–∏. –ï—Å–ª–∏ PNR –≤¬†—Å–µ–≥–º–µ–Ω—Ç–∞—Ö —Ä–∞–∑–Ω—ã–µ, —Ç–æ¬†–Ω–∏—á–µ–≥–æ –ø—Ä–∏¬†–Ω–µ—è–≤–∫–µ –∞–Ω–Ω—É–ª–∏—Ä–æ–≤–∞—Ç—å –Ω–µ¬†–±—É–¥—É—Ç.–†–∞—Å—Å—á–∏—Ç—ã–≤–∞–π—Ç–µ —Å–≤–æ–∏ —Ä–∏—Å–∫–∏, –µ—Å–ª–∏ —É¬†–≤–∞—Å —É–∂–µ –µ—Å—Ç—å –±–∏–ª–µ—Ç—ã —Ç—É–¥–∞ –∏¬†–æ–±—Ä–∞—Ç–Ω–æ –≤¬†–æ–¥–Ω–æ–º –±—Ä–æ–Ω–∏—Ä–æ–≤–∞–Ω–∏–∏. –ï—Å–ª–∏ –≤—ã¬†–≤—ã–π–¥–µ—Ç–µ –≤¬†–ø—Ä–æ–º–µ–∂—É—Ç–æ—á–Ω–æ–º –ø—É–Ω–∫—Ç–µ –∏¬†–Ω–µ¬†–ø–æ–ª–µ—Ç–∏—Ç–µ –¥–∞–ª—å—à–µ, –≤–∞—à–∏ –æ–±—Ä–∞—Ç–Ω—ã–µ –±–∏–ª–µ—Ç—ã —Ç–æ–∂–µ –∞–Ω–Ω—É–ª–∏—Ä—É—é—Ç. –ü–µ—Ä–µ–¥ –ø–æ–∫—É–ø–∫–æ–π –∏–∑—É—á–∏—Ç–µ –ø—Ä–∞–≤–∏–ª–∞ –∞–≤–∏–∞–∫–æ–º–ø–∞–Ω–∏–∏, –≤–∫–ª—é—á–∞—è –æ–±–º–µ–Ω, –≤–æ–∑–≤—Ä–∞—Ç –±–∏–ª–µ—Ç–∞, –∞¬†—Ç–∞–∫–∂–µ —É—Å–ª–æ–≤–∏—è NO SHOW.–ï—Å–ª–∏ –Ω–µ¬†—É–≤–µ—Ä–µ–Ω—ã, —á—Ç–æ –ø—Ä–∏ –≤—ã—Ö–æ–¥–µ –Ω–∞¬†–ø–µ—Ä–µ—Å–∞–¥–∫–µ –ø–æ–ª—É—á–∏—Ç—Å—è –≤–µ—Ä–Ω—É—Ç—å –¥–µ–Ω—å–≥–∏ –∑–∞¬†–æ—Å—Ç–∞–≤—à–∏–µ—Å—è –ø–µ—Ä–µ–ª—ë—Ç—ã, —Å–≤—è–∂–∏—Ç–µ—Å—å —Å¬†–ø—Ä–æ–¥–∞–≤—Ü–æ–º, —É¬†–∫–æ—Ç–æ—Ä–æ–≥–æ –æ—Ñ–æ—Ä–º–∏–ª–∏ –∑–∞–∫–∞–∑. –ï–≥–æ –Ω–∞–∑–≤–∞–Ω–∏–µ –Ω–∞–π–¥—ë—Ç–µ –≤¬†–±–∏–ª–µ—Ç–µ.–ö–∞–∫ —Å–≤—è–∑–∞—Ç—å—Å—è —Å¬†–ø—Ä–æ–¥–∞–≤—Ü–æ–º –±–∏–ª–µ—Ç–∞–í–≤–µ–¥–∏—Ç–µ –Ω–∞–∑–≤–∞–Ω–∏–µ –∞–≤–∏–∞–∫–æ–º–ø–∞–Ω–∏–∏ –∏–ª–∏ –∞–≥–µ–Ω—Ç—Å—Ç–≤–∞, —á—Ç–æ–±—ã —É–≤–∏–¥–µ—Ç—å –∫–æ–Ω—Ç–∞–∫—Ç—ã –¥–ª—è —Å–≤—è–∑–∏–í—ã —Ç–∞–∫–∂–µ –º–æ–∂–µ—Ç–µ –Ω–∞–ø–∏—Å–∞—Ç—å –≤ –ø–æ–¥–¥–µ—Ä–∂–∫—É –ê–≤–∏–∞—Å–µ–π–ª—Å¬†‚Äî –ø—Ä–æ–≤–µ—Ä–∏–º —É—Å–ª–æ–≤–∏—è –ø–µ—Ä–µ–ª—ë—Ç–∞ –∏¬†–ø–æ–º–æ–∂–µ–º —Å–æ—Ä–∏–µ–Ω—Ç–∏—Ä–æ–≤–∞—Ç—å—Å—è."
–°–º–æ–≥—É –ª–∏¬†—è –ø–æ—Å–º–æ—Ç—Ä–µ—Ç—å –≥–æ—Ä–æ–¥ –≤–æ¬†–≤—Ä–µ–º—è –¥–ª–∏—Ç–µ–ª—å–Ω–æ–π –ø–µ—Ä–µ—Å–∞–¥–∫–∏?,"–ò–¥–µ–∞–ª—å–Ω–æ, –µ—Å–ª–∏ –≤–∞—à–∞ –ø–µ—Ä–µ—Å–∞–¥–∫–∞ –¥–ª–∏—Ç—Å—è –æ–∫–æ–ª–æ 10¬†—á–∞—Å–æ–≤¬†‚Äî –∑–∞¬†—ç—Ç–æ –≤—Ä–µ–º—è –º–æ–∂–Ω–æ —É—Å–ø–µ—Ç—å –ø—Ä–æ–π—Ç–∏ –ø–∞—Å–ø–æ—Ä—Ç–Ω—ã–π –∫–æ–Ω—Ç—Ä–æ–ª—å, –¥–æ–µ—Ö–∞—Ç—å –¥–æ¬†—Ü–µ–Ω—Ç—Ä–∞ –≥–æ—Ä–æ–¥–∞ –∏¬†–ø–æ—Å–º–æ—Ç—Ä–µ—Ç—å –ø–∞—Ä—É‚Äë—Ç—Ä–æ–π–∫—É –¥–æ—Å—Ç–æ–ø—Ä–∏–º–µ—á–∞—Ç–µ–ª—å–Ω–æ—Å—Ç–µ–π. –ó–∞—Ä–∞–Ω–µ–µ —Ä–∞—Å—Å—á–∏—Ç–∞–π—Ç–µ, —Å–∫–æ–ª—å–∫–æ –≤—Ä–µ–º–µ–Ω–∏ –∑–∞–π–º—ë—Ç –¥–æ—Ä–æ–≥–∞ –∏¬†–∫–∞–∫–∏–º —Ç—Ä–∞–Ω—Å–ø–æ—Ä—Ç–æ–º –ª—É—á—à–µ –≤—Å–µ–≥–æ –¥–æ–±–∏—Ä–∞—Ç—å—Å—è.–ï—Å–ª–∏ —É¬†–≤–∞—Å –º–µ–∂–¥—É–Ω–∞—Ä–æ–¥–Ω—ã–π —Ä–µ–π—Å, –º–æ–∂–µ—Ç –ø–æ–Ω–∞–¥–æ–±–∏—Ç—å—Å—è —Ç—Ä–∞–Ω–∑–∏—Ç–Ω–∞—è –≤–∏–∑–∞. –ó–∞—Ä–∞–Ω–µ–µ –∏–∑—É—á–∏—Ç–µ –≤–∏–∑–æ–≤—ã–µ –ø—Ä–∞–≤–∏–ª–∞ —Å—Ç—Ä–∞–Ω—ã, –≤¬†–∫–æ—Ç–æ—Ä–æ–π —É¬†–≤–∞—Å –ø–µ—Ä–µ—Å–∞–¥–∫–∞. –ú—ã –≤—Å–µ–≥–¥–∞ —Ä–µ–∫–æ–º–µ–Ω–¥—É–µ–º —É—Ç–æ—á–Ω—è—Ç—å –∏–Ω—Ñ–æ—Ä–º–∞—Ü–∏—é –Ω–∞¬†—Å–∞–π—Ç–µ –ø–æ—Å–æ–ª—å—Å—Ç–≤–∞ –∏–ª–∏¬†–∫–æ–Ω—Å—É–ª—å—Å—Ç–≤–∞ —Ç—Ä–∞–Ω–∑–∏—Ç–Ω–æ–π —Å—Ç—Ä–∞–Ω—ã.–ê –µ—â—ë –º—ã¬†–Ω–∞–ø–∏—Å–∞–ª–∏ —Ü–µ–ª—É—é —Å—Ç–∞—Ç—å—é –ø—Ä–æ –¥–ª–∏–Ω–Ω—ã–µ –ø–µ—Ä–µ—Å–∞–¥–∫–∏ –≤¬†–Ω–∞—à–µ–º –∂—É—Ä–Ω–∞–ª–µ –æ¬†–ø—É—Ç–µ—à–µ—Å—Ç–≤–∏—è—Ö –ü–°–ñ–†. –¢–∞–º –ª–∞–π—Ñ—Ö–∞–∫–∏ –∏¬†—Å–æ–≤–µ—Ç—ã, –∫–æ—Ç–æ—Ä—ã–µ –ø–æ–º–æ–≥—É—Ç –ø—Ä–µ–≤—Ä–∞—Ç–∏—Ç—å –º—É—á–µ–Ω–∏–µ –≤¬†–ø—Ä–∏–∫–ª—é—á–µ–Ω–∏–µ."
–ö–∞–∫ –≤—ã–±—Ä–∞—Ç—å –±–∏–ª–µ—Ç—ã –±–µ–∑ –ø–µ—Ä–µ—Å–∞–¥–∫–∏,"–í—ã–±–µ—Ä–∏—Ç–µ –≤–∞—Ä–∏–∞–Ω—Ç ¬´–ë–µ–∑ –ø–µ—Ä–µ—Å–∞–¥–æ–∫¬ª –≤¬†—Ñ–∏–ª—å—Ç—Ä–∞—Ö –ø–æ—Å–ª–µ —Ç–æ–≥–æ, –∫–∞–∫ –∑–∞–ø–æ–ª–Ω–∏–ª–∏ –Ω–∞–ø—Ä–∞–≤–ª–µ–Ω–∏—è –∏¬†–¥–∞—Ç—ã. –ï—Å–ª–∏ –≤¬†—Å–ø–∏—Å–∫–µ –Ω–µ—Ç —Ç–∞–∫–æ–≥–æ –≤–∞—Ä–∏–∞–Ω—Ç–∞, –∑–Ω–∞—á–∏—Ç, –Ω–∞¬†–≤—ã–±—Ä–∞–Ω–Ω—ã–µ –≤–∞–º–∏ –¥–∞—Ç—ã –Ω–µ—Ç –ø—Ä—è–º—ã—Ö —Ä–µ–π—Å–æ–≤.–¢–∞–∫–∂–µ –æ—Ç—Ñ–∏–ª—å—Ç—Ä–æ–≤–∞—Ç—å –ø—Ä—è–º—ã–µ —Ä–µ–π—Å—ã –º–æ–∂–Ω–æ –ø–æ—Å–ª–µ –∑–∞–≤–µ—Ä—à–µ–Ω–∏—è –ø–æ–∏—Å–∫–∞. –ù–∞¬†—Å–∞–π—Ç–µ –Ω–∞–∂–º–∏—Ç–µ –Ω–∞¬†–ø–æ–ª–∑—É–Ω–æ–∫ ¬´–ë–µ–∑ –ø–µ—Ä–µ—Å–∞–¥–æ–∫¬ª —Å–ª–µ–≤–∞ –≤¬†—Ñ–∏–ª—å—Ç—Ä–∞—Ö. –í¬†–ø—Ä–∏–ª–æ–∂–µ–Ω–∏–∏ –Ω–∞–∂–º–∏—Ç–µ –Ω–∞¬†—Ç–æ—Ç –∂–µ¬†–ø–æ–ª–∑—É–Ω–æ–∫ –≤¬†–º–µ–Ω—é —Ñ–∏–ª—å—Ç—Ä–æ–≤.
–¢–∞–∫ –≤¬†–≤—ã–¥–∞—á–µ –º—ã¬†–ø–æ–∫–∞–∂–µ–º —Ç–æ–ª—å–∫–æ –ø—Ä—è–º—ã–µ –ø–µ—Ä–µ–ª—ë—Ç—ã."
"–õ–µ—á—É —Å¬†–ø–µ—Ä–µ—Å–∞–¥–∫–æ–π. –ö–∞–∫ —É–∑–Ω–∞—Ç—å, –Ω—É–∂–Ω–∞ –ª–∏¬†–≤–∏–∑–∞?","–£—Ö, –≤–∏–∑–æ–≤—ã—Ö —É—Å–ª–æ–≤–∏–π —É¬†—Ä–∞–∑–Ω—ã—Ö —Å—Ç—Ä–∞–Ω —Å—Ç–æ–ª—å–∫–æ, —á—Ç–æ –∏—Ö¬†–Ω–µ —É–º–µ—Å—Ç–∏—Ç—å –≤¬†–æ–¥–Ω—É —Å—Ç–∞—Ç—å—é.–ù—É–∂–Ω–∞ –≤–∏–∑–∞ –∏–ª–∏ –Ω–µ—Ç, –∑–∞–≤–∏—Å–∏—Ç –æ—Ç¬†–Ω–µ—Å–∫–æ–ª—å–∫–∏—Ö —Ñ–∞–∫—Ç–æ—Ä–æ–≤: –≤–∞—à–µ–≥–æ –≥—Ä–∞–∂–¥–∞–Ω—Å—Ç–≤–∞, —Å—Ç—Ä–∞–Ω—ã, –≤¬†–∫–æ—Ç–æ—Ä—É—é –ª–µ—Ç–∏—Ç–µ, –∞—ç—Ä–æ–ø–æ—Ä—Ç–∞ –∏¬†—Ç—Ä–∞–Ω–∑–∏—Ç–Ω–æ–π –∑–æ–Ω—ã.–í –æ–¥–Ω–∏—Ö —Å–ª—É—á–∞—è—Ö –≤–∏–∑–∞ –Ω—É–∂–Ω–∞, —Ç–æ–ª—å–∫–æ –µ—Å–ª–∏ –≤—ã¬†—Å–æ–±–∏—Ä–∞–µ—Ç–µ—Å—å –≤—ã–π—Ç–∏ –∏–∑¬†–∞—ç—Ä–æ–ø–æ—Ä—Ç–∞. –í¬†–¥—Ä—É–≥–∏—Ö¬†‚Äî –æ–Ω–∞ –ø–æ–Ω–∞–¥–æ–±–∏—Ç—Å—è –¥–ª—è –≤—ã—Ö–æ–¥–∞ –∏–∑¬†—Ç—Ä–∞–Ω–∑–∏—Ç–Ω–æ–π –∑–æ–Ω—ã. –ï—Å–ª–∏ –≤–∞–º –Ω—É–∂–Ω–æ –ø–æ–ª—É—á–∏—Ç—å –∏¬†–ø–µ—Ä–µ–æ—Ñ–æ—Ä–º–∏—Ç—å –±–∞–≥–∞–∂ –Ω–∞¬†—Å–ª–µ–¥—É—é—â–∏–π —Ä–µ–π—Å —Å–∞–º–æ—Å—Ç–æ—è—Ç–µ–ª—å–Ω–æ, —ç—Ç–æ –æ–∑–Ω–∞—á–∞–µ—Ç, —á—Ç–æ –≤—ã¬†–ø–æ–∫–∏–Ω–µ—Ç–µ —Ç—Ä–∞–Ω–∑–∏—Ç–Ω—É—é –∑–æ–Ω—É. –ù–µ–∫–æ—Ç–æ—Ä—ã–µ —Å—Ç—Ä–∞–Ω—ã —Ç—Ä–µ–±—É—é—Ç —Ç—Ä–∞–Ω–∑–∏—Ç–Ω—É—é –≤–∏–∑—É –ø—Ä–∏ –ª—é–±–æ–º –ø–µ—Ä–µ–ª—ë—Ç–µ —Å¬†–ø–µ—Ä–µ—Å–∞–¥–∫–æ–π –Ω–∞¬†–µ—ë —Ç–µ—Ä—Ä–∏—Ç–æ—Ä–∏–∏ (–Ω–∞–ø—Ä–∏–º–µ—Ä, –°–®–ê).–û–±—è–∑–∞—Ç–µ–ª—å–Ω–æ –∏–∑—É—á–∏—Ç–µ –≤–∏–∑–æ–≤—ã–µ –ø—Ä–∞–≤–∏–ª–∞ —Å—Ç—Ä–∞–Ω—ã, –≥–¥–µ —Å–æ–±–∏—Ä–∞–µ—Ç–µ—Å—å –¥–µ–ª–∞—Ç—å –ø–µ—Ä–µ—Å–∞–¥–∫—É. –ù–∞–ø—Ä–∏–º–µ—Ä, –µ—Å–ª–∏ –≤—ã¬†–ª–µ—Ç–∏—Ç–µ –≤¬†–í–µ–ª–∏–∫–æ–±—Ä–∏—Ç–∞–Ω–∏—é, –∑–∞–π–¥–∏—Ç–µ –Ω–∞ —Å–∞–π—Ç –ø—Ä–∞–≤–∏—Ç–µ–ª—å—Å—Ç–≤–∞ —Å—Ç—Ä–∞–Ω—ã¬†‚Äî —Ç–∞–º –µ—Å—Ç—å –∏–Ω—Ñ–æ—Ä–º–∞—Ü–∏—è –ø—Ä–æ –≤–∏–∑—ã –∏¬†–ø—Ä–æ —Ç–æ, –∫–∞–∫ –∏—Ö¬†–ø–æ–ª—É—á–∏—Ç—å.–ï—â—ë –æ–¥–∏–Ω —Å–ø–æ—Å–æ–± –ø—Ä–æ–≤–µ—Ä–∏—Ç—å¬†‚Äî –∑–∞–≥–ª—è–Ω—É—Ç—å –≤¬†Timatic. –≠—Ç–æ –µ–¥–∏–Ω–∞—è –∏–Ω—Ñ–æ—Ä–º–∞—Ü–∏–æ–Ω–Ω–∞—è —Å–∏—Å—Ç–µ–º–∞ –ú–µ–∂–¥—É–Ω–∞—Ä–æ–¥–Ω–æ–π –∞—Å—Å–æ—Ü–∏–∞—Ü–∏–∏ –≤–æ–∑–¥—É—à–Ω–æ–≥–æ —Ç—Ä–∞–Ω—Å–ø–æ—Ä—Ç–∞ IATA (International Air Transportation Association). –ó–¥–µ—Å—å –µ—Å—Ç—å –≤—Å–µ –ø—Ä–∞–≤–∏–ª–∞ –¥–ª—è —Ç–µ—Ö, –∫—Ç–æ –ø—É—Ç–µ—à–µ—Å—Ç–≤—É–µ—Ç —Å–∞–º–æ–ª—ë—Ç–æ–º.–í –Ω–∞—à–µ–º –ø–æ–∏—Å–∫–µ –µ—Å—Ç—å —Ñ–∏–ª—å—Ç—Ä ¬´–ë–µ–∑ –ø–µ—Ä–µ—Å–∞–¥–æ–∫ —Å¬†–≤–∏–∑–æ–π¬ª, –∫–æ—Ç–æ—Ä—ã–π –ø–æ–º–æ–∂–µ—Ç –Ω–∞–π—Ç–∏ –ø–µ—Ä–µ–ª—ë—Ç—ã, –≥–¥–µ –≤–∏–∑–∞ –Ω–µ¬†–Ω—É–∂–Ω–∞. –ù–æ¬†–ø—Ä–∞–≤–∏–ª–∞ –≤—ä–µ–∑–¥–∞ –º–æ–≥—É—Ç –º–µ–Ω—è—Ç—å—Å—è, –ø–æ—ç—Ç–æ–º—É –ø–µ—Ä–µ–¥ –ø–æ–∫—É–ø–∫–æ–π –±–∏–ª–µ—Ç–∞ —É—Ç–æ—á–Ω–∏—Ç–µ –∞–∫—Ç—É–∞–ª—å–Ω—É—é –∏–Ω—Ñ–æ—Ä–º–∞—Ü–∏—é –Ω–∞¬†—Å–∞–π—Ç–µ –ø–æ—Å–æ–ª—å—Å—Ç–≤–∞ –∏–ª–∏ –∫–æ–Ω—Å—É–ª—å—Å—Ç–≤–∞ —Ç—Ä–∞–Ω–∑–∏—Ç–Ω–æ–π —Å—Ç—Ä–∞–Ω—ã.–†–µ–π—Å—ã, –¥–ª—è –∫–æ—Ç–æ—Ä—ã—Ö –ø–æ–Ω–∞–¥–æ–±–∏—Ç—Å—è –≤–∏–∑–∞, –º—ã¬†–ø–æ–º–µ—á–∞–µ–º —Å–ø–µ—Ü–∏–∞–ª—å–Ω—ã–º –∑–Ω–∞—á–∫–æ–º –ø–æ–≥—Ä–∞–Ω–∏—á–Ω–∏–∫–∞, –∞¬†–≤–Ω—É—Ç—Ä–∏ –±–∏–ª–µ—Ç–∞ –ø–æ–∫–∞–∑—ã–≤–∞–µ–º –ø—Ä–µ–¥—É–ø—Ä–µ–∂–¥–µ–Ω–∏–µ.–£–Ω–∏–≤–µ—Ä—Å–∞–ª—å–Ω—ã–π —Å–æ–≤–µ—Ç¬†‚Äî –Ω–µ¬†–ø–æ–ª–∞–≥–∞–π—Ç–µ—Å—å –Ω–∞¬†—Ñ–æ—Ä—É–º—ã, –æ–ø—ã—Ç –≤–∞—à–∏—Ö –∑–Ω–∞–∫–æ–º—ã—Ö –∏–ª–∏ –¥—Ä—É–≥–∏–µ –Ω–µ–ø—Ä–æ–≤–µ—Ä–µ–Ω–Ω—ã–µ –¥–∞–Ω–Ω—ã–µ. –£—Ç–æ—á–Ω—è–π—Ç–µ, —Ç—Ä–µ–±—É–µ—Ç—Å—è –ª–∏¬†—Ç—Ä–∞–Ω–∑–∏—Ç–Ω–∞—è –≤–∏–∑–∞ –≤¬†–≤–∞—à–µ–º —Å–ª—É—á–∞–µ, –≤¬†–æ—Ñ–∏—Ü–∏–∞–ª—å–Ω–æ–º –ø—Ä–µ–¥—Å—Ç–∞–≤–∏—Ç–µ–ª—å—Å—Ç–≤–µ –Ω—É–∂–Ω–æ–π —Å—Ç—Ä–∞–Ω—ã.–ü—Ä–æ –¥—Ä—É–≥–∏–µ –ø–æ–¥—Ä–æ–±–Ω–æ—Å—Ç–∏ –∏¬†–æ—Å–æ–±–µ–Ω–Ω–æ—Å—Ç–∏ —Ç—Ä–∞–Ω–∑–∏—Ç–∞ –≤¬†—Ä–∞–∑–Ω—ã—Ö —Å—Ç—Ä–∞–Ω–∞—Ö —Ä–∞—Å—Å–∫–∞–∑—ã–≤–∞–µ–º –≤ –Ω–∞—à–µ–º –∂—É—Ä–Ω–∞–ª–µ –æ –ø—É—Ç–µ—à–µ—Å—Ç–≤–∏—è—Ö –ü–°–ñ–†."
–ú–æ–∂–Ω–æ –ª–∏¬†–ª–µ—Ç–∞—Ç—å –≤–æ¬†–≤—Ä–µ–º—è –±–µ—Ä–µ–º–µ–Ω–Ω–æ—Å—Ç–∏,"–ü—Ä–∏ —Å—Ä–æ–∫–µ –¥–æ¬†28 –Ω–µ–¥–µ–ª—å –º–æ–∂–Ω–æ –ª–µ—Ç–∞—Ç—å –±–µ–∑ —Å–ø—Ä–∞–≤–∫–∏ –æ—Ç¬†–≤—Ä–∞—á–∞. –ë–æ–ª—å—à–∏–Ω—Å—Ç–≤–æ –∞–≤–∏–∞–∫–æ–º–ø–∞–Ω–∏–π —Ä–∞–∑—Ä–µ—à–∞—é—Ç –ø–æ–ª—ë—Ç—ã –±–µ—Ä–µ–º–µ–Ω–Ω—ã–º –¥–æ¬†—Å—Ä–æ–∫–∞ –≤¬†36 –Ω–µ–¥–µ–ª—å, –µ—Å–ª–∏ –±–µ—Ä–µ–º–µ–Ω–Ω–æ—Å—Ç—å –æ–¥–Ω–æ–ø–ª–æ–¥–Ω–∞—è, –∏–ª–∏ 32¬†–Ω–µ–¥–µ–ª—å, –µ—Å–ª–∏ –±–µ—Ä–µ–º–µ–Ω–Ω–æ—Å—Ç—å –º–Ω–æ–≥–æ–ø–ª–æ–¥–Ω–∞—è, –Ω–æ¬†—Å–æ —Å–ø—Ä–∞–≤–∫–æ–π –æ—Ç¬†–≤—Ä–∞—á–∞.–ï—Å–ª–∏ –≤—ã¬†–ø—É—Ç–µ—à–µ—Å—Ç–≤—É–µ—Ç–µ –Ω–∞¬†–ø–æ–∑–¥–Ω–∏—Ö —Å—Ä–æ–∫–∞—Ö –±–µ—Ä–µ–º–µ–Ω–Ω–æ—Å—Ç–∏¬†‚Äî 4¬†–Ω–µ–¥–µ–ª–∏ –¥–æ¬†–ø—Ä–µ–¥–ø–æ–ª–∞–≥–∞–µ–º–æ–π –¥–∞—Ç—ã —Ä–æ–¥–æ–≤ –¥–ª—è –æ–¥–Ω–æ–ø–ª–æ–¥–Ω–æ–π –∏¬†8¬†‚Äî –¥–ª—è –º–Ω–æ–≥–æ–ø–ª–æ–¥–Ω–æ–π, –∞–≤–∏–∞–∫–æ–º–ø–∞–Ω–∏—è –∑–∞–ø—Ä–æ—Å–∏—Ç —É¬†–≤–∞—Å –æ—Ñ–∏—Ü–∏–∞–ª—å–Ω–æ–µ –º–µ–¥–∏—Ü–∏–Ω—Å–∫–æ–µ –∑–∞–∫–ª—é—á–µ–Ω–∏–µ –∏¬†—Ä–∞–∑—Ä–µ—à–µ–Ω–∏–µ –Ω–∞¬†–ø–æ–ª—ë—Ç –æ—Ç¬†–Ω–∞–±–ª—é–¥–∞—é—â–µ–≥–æ –≤—Ä–∞—á–∞.–¢–∞–∫ –∫–∞–∫ –º–Ω–æ–≥–æ–µ –∑–∞–≤–∏—Å–∏—Ç –æ—Ç¬†–ø—Ä–∞–≤–∏–ª –∞–≤–∏–∞–∫–æ–º–ø–∞–Ω–∏–∏, –∏–Ω—Ñ–æ—Ä–º–∞—Ü–∏—é –ª—É—á—à–µ –ø—Ä–æ–≤–µ—Ä—è—Ç—å –¥–æ¬†–ø–æ–∫—É–ø–∫–∏ –±–∏–ª–µ—Ç–∞."
–ì–¥–µ –º–æ–∂–Ω–æ –ø–µ—Ä–µ–≤–æ–∑–∏—Ç—å –ø–∏—Ç–æ–º—Ü–∞ –≤–æ –≤—Ä–µ–º—è –ø–æ–ª–µ—Ç–∞?,"–í —Å–∞–ª–æ–Ω–µ —Å–∞–º–æ–ª–µ—Ç–∞, –≤ –æ—Ç–∞–ø–ª–∏–≤–∞–µ–º–æ–º –≥—Ä—É–∑–æ–≤–æ–º –æ—Ç—Å–µ–∫–µ –∏–ª–∏ –∫–∞–∫ –∫–∞—Ä–≥–æ (–æ—Ç–¥–µ–ª—å–Ω—ã–º –≥—Ä—É–∑–æ–≤—ã–º —Å–∞–º–æ–ª–µ—Ç–æ–º –¥–ª—è –∫—Ä—É–ø–Ω—ã—Ö —Å–æ–±–∞–∫ –≤–µ—Å–æ–º –±–æ–ª—å—à–µ 50 –∫–≥)."
–ö–∞–∫–æ–π –º–∞–∫—Å–∏–º–∞–ª—å–Ω—ã–π –≤–µ—Å –ø–∏—Ç–æ–º—Ü–∞ —Ä–∞–∑—Ä–µ—à–µ–Ω –≤ —Å–∞–ª–æ–Ω–µ –Ω–µ–∫–æ—Ç–æ—Ä—ã—Ö –∞–≤–∏–∞–∫–æ–º–ø–∞–Ω–∏–π?,"–í –Ω–µ–∫–æ—Ç–æ—Ä—ã—Ö –∞–≤–∏–∞–∫–æ–º–ø–∞–Ω–∏—è—Ö (–Ω–∞–ø—Ä–∏–º–µ—Ä, ¬´–£—Ä–∞–ª—å—Å–∫–∏–µ –∞–≤–∏–∞–ª–∏–Ω–∏–∏¬ª –∏ S7) –¥–æ–ø—É—Å—Ç–∏–º—ã–π –≤–µ—Å –ø–∏—Ç–æ–º—Ü–∞ –≤–º–µ—Å—Ç–µ —Å –ø–µ—Ä–µ–Ω–æ—Å–∫–æ–π —É–≤–µ–ª–∏—á–µ–Ω –¥–æ 15 –∫–≥ –∏ 23 –∫–≥ —Å–æ–æ—Ç–≤–µ—Ç—Å—Ç–≤–µ–Ω–Ω–æ."
–ö–∞–∫–∏–µ –¥–æ–∫—É–º–µ–Ω—Ç—ã –Ω–µ–æ–±—Ö–æ–¥–∏–º—ã –¥–ª—è –ø–µ—Ä–µ–ª–µ—Ç–∞ —Å –ø–∏—Ç–æ–º—Ü–µ–º –ø–æ –†–æ—Å—Å–∏–∏?,–í–µ—Ç–µ—Ä–∏–Ω–∞—Ä–Ω—ã–π –ø–∞—Å–ø–æ—Ä—Ç —Å –æ—Ç–º–µ—Ç–∫–∞–º–∏ –æ –≤–æ–≤—Ä–µ–º—è —Å–¥–µ–ª–∞–Ω–Ω—ã—Ö –ø—Ä–∏–≤–∏–≤–∫–∞—Ö (–≤ —Ç–æ–º —á–∏—Å–ª–µ –æ—Ç –±–µ—à–µ–Ω—Å—Ç–≤–∞) –∏ –æ–± –æ–±—Ä–∞–±–æ—Ç–∫–µ –æ—Ç –ø–∞—Ä–∞–∑–∏—Ç–æ–≤.
–ö–∞–∫ –ø–æ–¥–≥–æ—Ç–æ–≤–∏—Ç—å –ø–∏—Ç–æ–º—Ü–∞ –∫ –ø–µ—Ä–µ–ª–µ—Ç—É?,"–ù–∞—á–∞—Ç—å –ø–æ–¥–≥–æ—Ç–æ–≤–∫—É –∑–∞—Ä–∞–Ω–µ–µ (–∑–∞ –Ω–µ—Å–∫–æ–ª—å–∫–æ –º–µ—Å—è—Ü–µ–≤), —Å–æ–≥–ª–∞—Å–æ–≤–∞—Ç—å –ø–µ—Ä–µ–≤–æ–∑–∫—É —Å –∞–≤–∏–∞–∫–æ–º–ø–∞–Ω–∏–µ–π, —Å–¥–µ–ª–∞—Ç—å –Ω–µ–æ–±—Ö–æ–¥–∏–º—ã–µ –ø—Ä–∏–≤–∏–≤–∫–∏, –ø–æ–¥–≥–æ—Ç–æ–≤–∏—Ç—å –¥–æ–∫—É–º–µ–Ω—Ç—ã, –ø—Ä–∏—É—á–∏—Ç—å –ø–∏—Ç–æ–º—Ü–∞ –∫ –ø–µ—Ä–µ–Ω–æ—Å–∫–µ."
–ß—Ç–æ —Ä–µ–∫–æ–º–µ–Ω–¥—É–µ—Ç—Å—è —Å–¥–µ–ª–∞—Ç—å —Å –ø–∏—Ç–æ–º—Ü–µ–º –ø–µ—Ä–µ–¥ –¥–æ–ª–≥–∏–º –ø–µ—Ä–µ–ª–µ—Ç–æ–º —Å –ø–µ—Ä–µ—Å–∞–¥–∫–æ–π?,"–ü—Ä–∏–∫—Ä–µ–ø–∏—Ç—å –∫ –ø–µ—Ä–µ–Ω–æ—Å–∫–µ –±–∏—Ä–∫—É —Å –∫–æ–Ω—Ç–∞–∫—Ç–Ω—ã–º–∏ –¥–∞–Ω–Ω—ã–º–∏, –Ω–∞–ø—Ä–∞–≤–ª–µ–Ω–∏–µ–º –∏ –¥–∞—Ç–æ–π –ø–æ–ª–µ—Ç–∞, –∞ —Ç–∞–∫–∂–µ –ø–æ–ª–æ–∂–∏—Ç—å –≤ –æ—Ç—Å–µ–∫ –ø–æ–≤–æ–¥–æ–∫ —Å –æ—à–µ–π–Ω–∏–∫–æ–º –¥–ª—è –≤—ã–≥—É–ª–∞ –ø–∏—Ç–æ–º—Ü–∞ —Å–æ—Ç—Ä—É–¥–Ω–∏–∫–∞–º–∏ –∞—ç—Ä–æ–ø–æ—Ä—Ç–∞."
–ö–∞–∫ –Ω–∞–π—Ç–∏ –∏ –∫—É–ø–∏—Ç—å –¥–µ—Ç—Å–∫–∏–π –∞–≤–∏–∞–±–∏–ª–µ—Ç –Ω–∞ –ê–≤–∏–∞—Å–µ–π–ª—Å?,"–í—ã–±–µ—Ä–∏—Ç–µ –∫–∞—Ç–µ–≥–æ—Ä–∏—é –ø–∞—Å—Å–∞–∂–∏—Ä–∞ –Ω–∞ –≥–ª–∞–≤–Ω–æ–º —ç–∫—Ä–∞–Ω–µ (—Ä–µ–±—ë–Ω–æ–∫), —É–∫–∞–∑–∞–≤ –Ω–∞–ø—Ä–∞–≤–ª–µ–Ω–∏–µ –∏ –¥–∞—Ç—ã –ø–æ–µ–∑–¥–∫–∏, –∏ –Ω–∞–π–¥–∏—Ç–µ –±–∏–ª–µ—Ç –≤–º–µ—Å—Ç–µ —Å –±–∏–ª–µ—Ç–æ–º –¥–ª—è –≤–∑—Ä–æ—Å–ª–æ–≥–æ."
–ö–∞–∫–æ–≤—ã —É—Å–ª–æ–≤–∏—è –ø–µ—Ä–µ–ª—ë—Ç–∞ –¥–ª—è –¥–µ—Ç–µ–π –¥–æ 2 –ª–µ—Ç?,"–ú–æ–≥—É—Ç –ª–µ—Ç–µ—Ç—å —Å–æ —Å–∫–∏–¥–∫–æ–π 90% –∏–ª–∏ –±–µ—Å–ø–ª–∞—Ç–Ω–æ, –Ω–æ –Ω–µ–æ–±—Ö–æ–¥–∏–º–æ —É–∫–∞–∑–∞—Ç—å —Ä–µ–±—ë–Ω–∫–∞ –≤ –±–∏–ª–µ—Ç–µ; –ø–æ–ª—ë—Ç –Ω–∞ —Ä—É–∫–∞—Ö —É –≤–∑—Ä–æ—Å–ª—ã—Ö, –±–µ–∑ –æ—Ç–¥–µ–ª—å–Ω–æ–≥–æ –∫—Ä–µ—Å–ª–∞; –º–æ–∂–µ—Ç –±—ã—Ç—å –ø—Ä–µ–¥–æ—Å—Ç–∞–≤–ª–µ–Ω–æ –º–µ—Å—Ç–æ —Ä—É—á–Ω–æ–π –∫–ª–∞–¥–∏ –∏ –±–∞–≥–∞–∂–∞ (—É—Ç–æ—á–Ω—è—Ç—å —É –ø–µ—Ä–µ–≤–æ–∑—á–∏–∫–∞)."
–ú–æ–∂–Ω–æ –ª–∏ –æ–¥–Ω–æ–º—É –≤–∑—Ä–æ—Å–ª–æ–º—É –ª–µ—Ç–µ—Ç—å —Å –Ω–µ—Å–∫–æ–ª—å–∫–∏–º–∏ –º–ª–∞–¥–µ–Ω—Ü–∞–º–∏?,"–ù–µ—Ç, —Å –æ–¥–Ω–∏–º –≤–∑—Ä–æ—Å–ª—ã–º –º–æ–∂–µ—Ç –ª–µ—Ç–µ—Ç—å —Ç–æ–ª—å–∫–æ –æ–¥–∏–Ω –º–ª–∞–¥–µ–Ω–µ—Ü –±–µ–∑ –º–µ—Å—Ç–∞; –µ—Å–ª–∏ –º–ª–∞–¥–µ–Ω—Ü–µ–≤ –¥–≤–æ–µ, –æ–¥–Ω–æ–º—É –Ω—É–∂–Ω–æ –ø–æ–∫—É–ø–∞—Ç—å –¥–µ—Ç—Å–∫–∏–π –±–∏–ª–µ—Ç —Å –æ—Ç–¥–µ–ª—å–Ω—ã–º –º–µ—Å—Ç–æ–º."
–ö–∞–∫–æ–≤—ã —É—Å–ª–æ–≤–∏—è –ø–µ—Ä–µ–ª—ë—Ç–∞ –¥–ª—è –¥–µ—Ç–µ–π –æ—Ç 2 –¥–æ 12 –ª–µ—Ç?,"–î–µ–π—Å—Ç–≤—É–µ—Ç —Å–∫–∏–¥–∫–∞ 30-50% –æ—Ç —Ç–∞—Ä–∏—Ñ–∞; –ø—Ä–µ–¥–æ—Å—Ç–∞–≤–ª—è–µ—Ç—Å—è –æ—Ç–¥–µ–ª—å–Ω–æ–µ –º–µ—Å—Ç–æ –∏ —Ç–æ—Ç –∂–µ –æ–±—ä—ë–º –±–∞–≥–∞–∂–∞, —á—Ç–æ –∏ –¥–ª—è –≤–∑—Ä–æ—Å–ª–æ–≥–æ."
–í –∫–∞–∫–æ–º –≤–æ–∑—Ä–∞—Å—Ç–µ –ø–∞—Å—Å–∞–∂–∏—Ä —Å—á–∏—Ç–∞–µ—Ç—Å—è –≤–∑—Ä–æ—Å–ª—ã–º?,–° 12 –ª–µ—Ç –ø–∞—Å—Å–∞–∂–∏—Ä —Å—á–∏—Ç–∞–µ—Ç—Å—è –≤–∑—Ä–æ—Å–ª—ã–º.
–ú–æ–∂–Ω–æ –ª–∏ –∫—É–ø–∏—Ç—å –∞–≤–∏–∞–±–∏–ª–µ—Ç –æ—Ç–¥–µ–ª—å–Ω–æ –¥–ª—è —Ä–µ–±—ë–Ω–∫–∞?,"–ù–µ—Ç, –±–∏–ª–µ—Ç –º–æ–∂–Ω–æ –∫—É–ø–∏—Ç—å —Ç–æ–ª—å–∫–æ –≤–º–µ—Å—Ç–µ —Å –±–∏–ª–µ—Ç–æ–º –¥–ª—è –≤–∑—Ä–æ—Å–ª–æ–≥–æ, –Ω–æ –Ω–µ–∫–æ—Ç–æ—Ä—ã–µ –∞–≤–∏–∞–∫–æ–º–ø–∞–Ω–∏–∏ –ø—Ä–µ–¥–ª–∞–≥–∞—é—Ç —É—Å–ª—É–≥—É —Å–æ–ø—Ä–æ–≤–æ–∂–¥–µ–Ω–∏—è —Ä–µ–±—ë–Ω–∫–∞ –ø–æ–¥ –Ω–∞–±–ª—é–¥–µ–Ω–∏–µ–º –ø–µ—Ä–µ–≤–æ–∑—á–∏–∫–∞."
–ì–¥–µ –ø–æ—Å–º–æ—Ç—Ä–µ—Ç—å –ø—Ä–∞–≤–∏–ª–∞ –ø—Ä–æ–≤–æ–∑–∞ —Ä—É—á–Ω–æ–π –∫–ª–∞–¥–∏?,"–í –º–∞—Ä—à—Ä—É—Ç–Ω–æ–π –∫–≤–∏—Ç–∞–Ω—Ü–∏–∏ –∏–ª–∏ –Ω–∞ —Å–∞–π—Ç–µ –∞–≤–∏–∞–∫–æ–º–ø–∞–Ω–∏–∏, –≤ —Ä–∞–∑–¥–µ–ª–µ —Å –ø—Ä–∞–≤–∏–ª–∞–º–∏ –ø—Ä–æ–≤–æ–∑–∞."
–ß—Ç–æ –∑–∞–ø—Ä–µ—â–µ–Ω–æ –ø–µ—Ä–µ–≤–æ–∑–∏—Ç—å –≤ —Ä—É—á–Ω–æ–π –∫–ª–∞–¥–∏?,"–í–∑—Ä—ã–≤—á–∞—Ç—ã–µ –∏ –ª–µ–≥–∫–æ–≤–æ—Å–ø–ª–∞–º–µ–Ω—è—é—â–∏–µ—Å—è –≤–µ—â–µ—Å—Ç–≤–∞, —Ç–æ–∫—Å–∏—á–Ω—ã–µ –∏ –µ–¥–∫–∏–µ –≤–µ—â–µ—Å—Ç–≤–∞, –æ–≥–Ω–µ—Å—Ç—Ä–µ–ª—å–Ω–æ–µ –æ—Ä—É–∂–∏–µ (–∫—Ä–æ–º–µ –æ—Å–æ–±—ã—Ö —Å–ª—É—á–∞–µ–≤), –∏–≥—Ä—É—à–∫–∏, –∏–º–∏—Ç–∏—Ä—É—é—â–∏–µ –æ—Ä—É–∂–∏–µ."
–ö–∞–∫–æ–≤—ã –æ–≥—Ä–∞–Ω–∏—á–µ–Ω–∏—è –Ω–∞ –ø—Ä–æ–≤–æ–∑ –∂–∏–¥–∫–æ—Å—Ç–µ–π –≤ —Ä—É—á–Ω–æ–π –∫–ª–∞–¥–∏?,"–ù–µ –±–æ–ª–µ–µ 1 –ª–∏—Ç—Ä–∞, –∫–∞–∂–¥—ã–π —Ñ–ª–∞–∫–æ–Ω—á–∏–∫ –Ω–µ –±–æ–ª–µ–µ 100 –º–ª, –∏—Å–∫–ª—é—á–µ–Ω–∏–µ - –∂–∏–¥–∫–æ—Å—Ç–∏, –∫—É–ø–ª–µ–Ω–Ω—ã–µ –≤ –¥—å—é—Ç–∏-—Ñ—Ä–∏, –∏ –¥–µ—Ç—Å–∫–æ–µ –ø–∏—Ç–∞–Ω–∏–µ –ø—Ä–∏ –ø—É—Ç–µ—à–µ—Å—Ç–≤–∏–∏ —Å —Ä–µ–±—ë–Ω–∫–æ–º."
–ö–∞–∫–∏–µ –ª–µ–∫–∞—Ä—Å—Ç–≤–∞ –º–æ–∂–Ω–æ –ø—Ä–æ–≤–æ–∑–∏—Ç—å –≤ —Ä—É—á–Ω–æ–π –∫–ª–∞–¥–∏?,"–õ—É—á—à–µ –∑–∞—Ä–∞–Ω–µ–µ –∏–∑—É—á–∏—Ç—å —Ç–∞–º–æ–∂–µ–Ω–Ω—ã–µ –ø—Ä–∞–≤–∏–ª–∞ —Å—Ç—Ä–∞–Ω—ã –∏–ª–∏ –ø—Ä–æ–∫–æ–Ω—Å—É–ª—å—Ç–∏—Ä–æ–≤–∞—Ç—å—Å—è –≤ –ø–æ—Å–æ–ª—å—Å—Ç–≤–µ, –¥–ª—è –ø—Ä–æ–≤–æ–∑–∞ —à–ø—Ä–∏—Ü–µ–≤ –∏ –∏–≥–ª –Ω–µ–æ–±—Ö–æ–¥–∏–º—ã –º–µ–¥–∏—Ü–∏–Ω—Å–∫–∏–µ –¥–æ–∫—É–º–µ–Ω—Ç—ã."
–ö–∞–∫–∏–µ –ø—Ä–µ–¥–º–µ—Ç—ã –Ω–µ–¥–æ–ø—É—Å—Ç–∏–º—ã –≤ —Ä—É—á–Ω–æ–π –∫–ª–∞–¥–∏ –∏–∑-–∑–∞ —Ä–∏—Å–∫–∞ —Ç—Ä–∞–≤–º?,"–ö–æ–ª—é—â–µ-—Ä–µ–∂—É—â–∏–µ –ø—Ä–µ–¥–º–µ—Ç—ã (–Ω–æ–∂–Ω–∏—Ü—ã, –Ω–æ–∂–∏, –º–∞–Ω–∏–∫—é—Ä–Ω—ã–µ –ø–∏–ª–æ—á–∫–∏, –æ—Ç–≤—ë—Ä—Ç–∫–∏ –∏ –¥—Ä—É–≥–∏–µ –∏–Ω—Å—Ç—Ä—É–º–µ–Ω—Ç—ã)."
–ö–∞–∫–∏–µ –ø–∞—É—ç—Ä–±–∞–Ω–∫–∏ –º–æ–∂–Ω–æ –ø—Ä–æ–≤–æ–∑–∏—Ç—å –≤ —Ä—É—á–Ω–æ–π –∫–ª–∞–¥–∏?,"–ü–∞—É—ç—Ä–±–∞–Ω–∫–∏ —Å –º–æ—â–Ω–æ—Å—Ç—å—é –Ω–µ –±–æ–ª–µ–µ 160 –í—Ç/—á, –ø—Ä–æ–≤–µ—Ä—è–π—Ç–µ —Å–∞–π—Ç –ø–µ—Ä–µ–≤–æ–∑—á–∏–∫–∞ –Ω–∞ –Ω–∞–ª–∏—á–∏–µ –¥–æ–ø–æ–ª–Ω–∏—Ç–µ–ª—å–Ω—ã—Ö –ø—Ä–∞–≤–∏–ª."
"–ß—Ç–æ –¥–µ–ª–∞—Ç—å, –µ—Å–ª–∏ —Å–æ–º–Ω–µ–≤–∞–µ—Ç–µ—Å—å –≤ –ø—Ä–æ–≤–æ–∑–µ –∫–∞–∫–æ–≥–æ-–ª–∏–±–æ –ø—Ä–µ–¥–º–µ—Ç–∞?","–ü—Ä–æ–∫–æ–Ω—Å—É–ª—å—Ç–∏—Ä—É–π—Ç–µ—Å—å —Å –∞–≤–∏–∞–∫–æ–º–ø–∞–Ω–∏–µ–π, –∏–∑—É—á–∏—Ç–µ –ø—Ä–∞–≤–∏–ª–∞ –Ω–∞ —Å–∞–π—Ç–µ –ø–µ—Ä–µ–≤–æ–∑—á–∏–∫–∞ –∏–ª–∏ —Å–≤—è–∂–∏—Ç–µ—Å—å —Å –∏—Ö –ø–æ–¥–¥–µ—Ä–∂–∫–æ–π."
"–ß—Ç–æ –¥–µ–ª–∞—Ç—å, –µ—Å–ª–∏ –±–∞–≥–∞–∂ –ø–æ—Ç–µ—Ä—è–ª–∏ –≤ –∞—ç—Ä–æ–ø–æ—Ä—Ç—É?","–ù–∞–π–¥–∏—Ç–µ —Å—Ç–æ–π–∫—É Lost and Found, –ø–æ–¥–∞–π—Ç–µ –∑–∞—è–≤–ª–µ–Ω–∏–µ –æ –ø–æ—Ç–µ—Ä–µ –±–∞–≥–∞–∂–∞ –∏–ª–∏ –æ–±—Ä–∞—Ç–∏—Ç–µ—Å—å –∫ –ø—Ä–µ–¥—Å—Ç–∞–≤–∏—Ç–µ–ª—é –∞–≤–∏–∞–∫–æ–º–ø–∞–Ω–∏–∏/–∞–¥–º–∏–Ω–∏—Å—Ç—Ä–∞—Ü–∏–∏ –∞—ç—Ä–æ–ø–æ—Ä—Ç–∞."
–ö–∞–∫–æ–π –∞–∫—Ç –Ω–µ–æ–±—Ö–æ–¥–∏–º–æ –∑–∞–ø–æ–ª–Ω–∏—Ç—å –ø—Ä–∏ –ø–æ—Ç–µ—Ä–µ –±–∞–≥–∞–∂–∞?,"Property Irregularity Report (PIR), –∫–æ—Ç–æ—Ä—ã–π –∑–∞–ø–æ–ª–Ω—è–µ—Ç—Å—è –ø–µ—á–∞—Ç–Ω—ã–º–∏ –±—É–∫–≤–∞–º–∏ –Ω–∞ –∞–Ω–≥–ª–∏–π—Å–∫–æ–º —è–∑—ã–∫–µ, —Å –¥–∞–Ω–Ω—ã–º–∏ –ø–∞—Å—Å–∞–∂–∏—Ä–∞ –∏ –æ–ø–∏—Å–∞–Ω–∏–µ–º —É—Ç–µ—Ä—è–Ω–Ω–æ–≥–æ –±–∞–≥–∞–∂–∞."
"–ö–∞–∫ –ø–æ–¥–∞—Ç—å –ø—Ä–µ—Ç–µ–Ω–∑–∏—é –∞–≤–∏–∞–∫–æ–º–ø–∞–Ω–∏–∏, –µ—Å–ª–∏ –±–∞–≥–∞–∂ —É—Ç–µ—Ä—è–Ω –∏–ª–∏ –ø–æ–≤—Ä–µ–∂–¥—ë–Ω?","1) –°–æ—Å—Ç–∞–≤—å—Ç–µ –ø—Ä–µ—Ç–µ–Ω–∑–∏—é –≤ —Å–≤–æ–±–æ–¥–Ω–æ–π —Ñ–æ—Ä–º–µ, —É–∫–∞–∑–∞–≤ –§–ò–û, –∞–¥—Ä–µ—Å, –Ω–∞–∑–≤–∞–Ω–∏–µ –∞–≤–∏–∞–∫–æ–º–ø–∞–Ω–∏–∏, –æ–±—Å—Ç–æ—è—Ç–µ–ª—å—Å—Ç–≤–∞, —Ç—Ä–µ–±–æ–≤–∞–Ω–∏—è –∏ —Å—É–º–º—É; 2) –ü—Ä–∏–ª–æ–∂–∏—Ç–µ –Ω–µ–æ–±—Ö–æ–¥–∏–º—ã–µ –¥–æ–∫—É–º–µ–Ω—Ç—ã; 3) –û—Ç–≤–µ–∑–∏—Ç–µ –ø—Ä–µ—Ç–µ–Ω–∑–∏—é –≤ –æ—Ñ–∏—Å –∞–≤–∏–∞–∫–æ–º–ø–∞–Ω–∏–∏ –∏–ª–∏ –Ω–∞–ø—Ä–∞–≤—å—Ç–µ –∑–∞–∫–∞–∑–Ω—ã–º –ø–∏—Å—å–º–æ–º —Å —É–≤–µ–¥–æ–º–ª–µ–Ω–∏–µ–º."
–ö–∞–∫–æ–π —Å—Ä–æ–∫ —É –∞–≤–∏–∞–∫–æ–º–ø–∞–Ω–∏–∏ –¥–ª—è —Ä–∞—Å—Å–º–æ—Ç—Ä–µ–Ω–∏—è –ø—Ä–µ—Ç–µ–Ω–∑–∏–∏?,"30 –¥–Ω–µ–π, –ø–æ—Å–ª–µ —á–µ–≥–æ –º–æ–∂–Ω–æ –ø–æ–¥–∞—Ç—å –≤ —Å—É–¥, –µ—Å–ª–∏ –ø—Ä–µ—Ç–µ–Ω–∑–∏—è –Ω–µ —Ä–∞—Å—Å–º–æ—Ç—Ä–µ–Ω–∞."